time,dyno_rpm,dyno_torque,dyno_power,dyno_throttle,dyno_load,can_mc_rpm,can_mc_current,can_mc_voltage,can_mc_temp,can_m_temp,can_mc_throttle,psu_volt,psu_cur
0.3333333333333333,0,0,0,0,0,0,3.0,91.60000000000001,34,59,0,91.5,0.1
0.6666666666666666,-0.0,-0.2695999999999913,-0.0,0.0,4095.0,0,2.8000000000000003,91.60000000000001,34,59,0,91.5,0.1
1.0,-0.0,-0.2695999999999913,-0.0,0.0,4095.0,0,3.0,91.60000000000001,34,59,0,91.5,0.1
1.3333333333333333,-0.0,-0.2695999999999913,-0.0,0.0,4095.0,0,3.1,91.60000000000001,34,59,0,91.5,0.1
1.6666666666666665,-0.0,-0.12319999999999709,-0.0,0.0,4095.0,0,3.1,91.60000000000001,34,59,0,91.5,0.1
1.9999999999999998,-0.0,-0.7087999999999738,-0.0,0.0,4095.0,0,3.3000000000000003,91.60000000000001,34,59,0,9.0,1.5
2.333333333333333,-0.0,-0.12319999999999709,-0.0,0.0,4095.0,0,3.0,91.60000000000001,34,59,0,91.5,0.1
2.6666666666666665,-0.0,-0.12319999999999709,-0.0,0.0,4095.0,0,3.2,91.60000000000001,34,59,0,91.5,0.1
3.0,-0.0,-0.2695999999999913,-0.0,0.0,4095.0,0,2.8000000000000003,91.60000000000001,34,59,0,91.5,0.1
3.3333333333333335,-0.0,-0.2695999999999913,-0.0,0.0,4095.0,0,2.8000000000000003,91.60000000000001,34,59,0,91.5,0.1
3.666666666666667,-0.0,-0.12319999999999709,-0.0,0.0,4095.0,0,2.9000000000000004,91.60000000000001,34,59,0,91.5,0.1
4.0,-0.0,-0.2695999999999913,-0.0,0.0,4095.0,0,2.9000000000000004,91.60000000000001,34,59,0,91.5,0.1
4.333333333333333,0.0,0.16960000000003675,0.0,0.0,4095.0,0,3.6,91.60000000000001,34,59,0,91.5,0.1
4.666666666666666,-0.0,-0.12319999999999709,-0.0,0.0,4095.0,0,2.9000000000000004,91.60000000000001,34,59,0,91.5,0.1
4.999999999999999,-0.0,-0.2695999999999913,-0.0,0.0,4095.0,0,3.1,91.60000000000001,34,59,0,91.5,0.1
5.333333333333332,0.0,0.16960000000003675,0.0,0.0,4095.0,0,3.1,91.60000000000001,34,59,0,91.5,0.1
5.666666666666665,-0.0,-0.2695999999999913,-0.0,0.0,4095.0,0,3.1,91.60000000000001,34,58,0,91.5,0.1
5.999999999999998,-0.0,-0.41599999999998544,-0.0,0.0,4095.0,0,3.1,91.60000000000001,34,58,0,91.5,0.1
6.333333333333331,-0.0,-0.2695999999999913,-0.0,0.0,2866.5,0,3.3000000000000003,91.60000000000001,34,58,0,91.5,0.1
6.666666666666664,-0.0,-0.2695999999999913,-0.0,0.0,2866.5,0,3.5,91.60000000000001,34,58,0,91.5,0.1
6.999999999999997,-0.0,-0.12319999999999709,-0.0,0.0,2866.5,0,3.2,91.60000000000001,34,58,0,91.5,0.1
7.33333333333333,-0.0,-0.2695999999999913,-0.0,0.0,2866.5,0,3.5,91.60000000000001,34,58,0,91.5,0.1
7.666666666666663,-0.0,-0.2695999999999913,-0.0,0.0,2866.5,0,2.8000000000000003,91.60000000000001,34,58,0,91.5,0.1
7.9999999999999964,-0.0,-0.2695999999999913,-0.0,0.0,2866.5,0,2.6,91.5,34,58,0,91.5,0.1
8.33333333333333,-0.0,-0.2695999999999913,-0.0,0.0,2866.5,0,3.1,91.60000000000001,34,58,0,91.5,0.1
8.666666666666664,-0.0,-0.2695999999999913,-0.0,0.0,2866.5,0,3.7,91.60000000000001,34,58,0,91.5,0.1
8.999999999999998,-0.0,-0.2695999999999913,-0.0,204.75,2866.5,0,3.0,91.60000000000001,34,58,0,91.5,0.1
9.333333333333332,-0.0,-0.12319999999999709,-0.0,204.75,2866.5,0,3.3000000000000003,91.60000000000001,34,57,0,91.5,0.1
9.666666666666666,-0.0,-0.2695999999999913,-0.0,204.75,2866.5,0,3.1,91.60000000000001,34,58,0,91.5,0.1
10.0,-0.0,-0.2695999999999913,-0.0,204.75,2866.5,0,2.9000000000000004,91.5,34,58,0,91.5,0.1
10.333333333333334,-0.0,-0.2695999999999913,-0.0,204.75,2866.5,0,3.5,91.60000000000001,34,58,0,91.5,0.1
10.666666666666668,0.0,0.02319999999999709,0.0,204.75,2866.5,0,3.2,91.60000000000001,34,58,0,91.5,0.1
11.000000000000002,-0.0,-0.2695999999999913,-0.0,204.75,2866.5,0,3.0,91.60000000000001,34,58,0,91.5,0.1
11.333333333333336,-0.0,-0.2695999999999913,-0.0,204.75,2866.5,0,2.5,91.60000000000001,34,58,0,91.5,0.1
11.66666666666667,-0.0,-0.2695999999999913,-0.0,204.75,2866.5,0,2.5,91.60000000000001,34,58,0,91.5,0.1
12.000000000000004,-0.0,-0.12319999999999709,-0.0,204.75,2866.5,0,3.1,91.60000000000001,34,57,0,91.5,0.1
12.333333333333337,-0.0,-0.12319999999999709,-0.0,204.75,2866.5,0,3.1,91.60000000000001,34,58,0,91.5,0.1
12.666666666666671,-0.0,-0.12319999999999709,-0.0,204.75,2866.5,0,3.1,91.60000000000001,34,58,0,91.5,0.1
13.000000000000005,-0.0,-0.2695999999999913,-0.0,204.75,2866.5,0,3.7,91.60000000000001,34,57,0,91.5,0.1
13.33333333333334,-0.0,-0.2695999999999913,-0.0,204.75,2866.5,0,2.9000000000000004,91.60000000000001,34,57,0,91.5,0.1
13.666666666666673,-0.0,-0.12319999999999709,-0.0,204.75,2866.5,0,3.5,91.60000000000001,34,57,0,91.5,0.1
14.000000000000007,-0.0,-0.12319999999999709,-0.0,204.75,2866.5,0,3.8000000000000003,91.60000000000001,34,57,0,91.5,0.1
14.333333333333341,-0.0,-0.2695999999999913,-0.0,204.75,2866.5,0,2.4000000000000004,91.60000000000001,34,57,0,91.5,0.1
14.666666666666675,-0.0,-0.12319999999999709,-0.0,40.95,2866.5,0,3.1,91.60000000000001,34,57,0,91.5,0.1
15.000000000000009,-0.0,-0.2695999999999913,-0.0,40.95,2866.5,0,2.9000000000000004,91.60000000000001,34,57,0,91.5,0.1
15.333333333333343,-0.0,-0.2695999999999913,-0.0,40.95,2866.5,0,3.1,91.60000000000001,34,57,0,91.5,0.1
15.666666666666677,-0.0,-0.2695999999999913,-0.0,40.95,2866.5,0,3.1,91.60000000000001,34,57,0,91.5,0.1
16.00000000000001,-0.0,-0.12319999999999709,-0.0,40.95,2866.5,0,3.1,91.60000000000001,34,57,0,9.0,1.5
16.333333333333343,-0.0,-0.12319999999999709,-0.0,40.95,2866.5,0,3.1,91.60000000000001,34,57,0,9.0,1.5
16.666666666666675,-0.0,-0.12319999999999709,-0.0,40.95,2866.5,0,3.1,91.60000000000001,34,57,0,9.0,1.5
17.000000000000007,0.0,0.02319999999999709,0.0,40.95,2866.5,0,3.0,91.60000000000001,34,57,0,91.5,0.1
17.33333333333334,-0.0,-0.12319999999999709,-0.0,40.95,2866.5,0,3.5,91.60000000000001,34,57,0,91.5,0.1
17.66666666666667,-0.0,-0.2695999999999913,-0.0,40.95,2866.5,0,3.1,91.60000000000001,34,57,0,91.5,0.1
18.000000000000004,-0.0,-0.2695999999999913,-0.0,40.95,2866.5,0,2.9000000000000004,91.60000000000001,34,57,0,91.5,0.1
18.333333333333336,-0.0,-0.2695999999999913,-0.0,40.95,2866.5,0,3.5,91.60000000000001,34,57,0,91.5,0.1
18.666666666666668,-0.0,-0.2695999999999913,-0.0,614.25,2866.5,17,60.800000000000004,91.60000000000001,34,57,0,91.5,0.2
19.0,16.850944000000062,3.0976000000000115,0.020053008377760927,614.25,2866.5,291,64.9,91.60000000000001,34,57,0,91.5,1.8
19.333333333333332,130.6240000000018,2.5120000000000346,0.15544554455445758,614.25,2866.5,358,49.7,91.60000000000001,34,57,0,91.5,2.5
19.666666666666664,135.5015679999997,2.365599999999995,0.1612499619192685,614.25,2866.5,341,51.5,91.60000000000001,34,57,0,91.5,2.2
19.999999999999996,121.07955200000004,2.2192000000000007,0.14408743335872054,614.25,2866.5,338,51.0,91.60000000000001,34,57,0,91.5,2.2
20.33333333333333,121.07955200000004,2.2192000000000007,0.14408743335872054,614.25,2866.5,338,51.0,91.60000000000001,34,57,0,91.5,2.2
20.66666666666666,136.25088000000187,2.5120000000000346,0.16214166031988037,614.25,2866.5,337,52.1,91.60000000000001,34,57,0,91.5,2.3
20.999999999999993,127.17465599999973,2.365599999999995,0.15134074638233022,614.25,2866.5,337,52.5,91.60000000000001,34,57,0,91.5,2.2
21.333333333333325,127.55315199999973,2.365599999999995,0.15179116527037287,614.25,2866.5,338,51.0,91.60000000000001,34,57,0,91.5,2.2
21.666666666666657,127.93164799999971,2.365599999999995,0.1522415841584155,614.25,2866.5,338,53.0,91.60000000000001,34,57,0,91.0,2.3
21.99999999999999,128.31014399999972,2.365599999999995,0.15269200304645816,614.25,2866.5,335,52.2,91.60000000000001,34,57,0,91.5,2.2
22.33333333333332,134.64320000000185,2.5120000000000346,0.16022848438690243,614.25,2866.5,338,52.400000000000006,91.60000000000001,34,57,0,91.5,2.3
22.666666666666654,127.93164799999971,2.365599999999995,0.1522415841584155,614.25,2866.5,336,52.800000000000004,91.60000000000001,34,57,0,91.5,2.2
22.999999999999986,127.55315199999973,2.365599999999995,0.15179116527037287,614.25,2866.5,337,52.800000000000004,91.60000000000001,34,57,0,91.5,2.2
23.333333333333318,127.55315199999973,2.365599999999995,0.15179116527037287,614.25,2866.5,337,52.800000000000004,91.60000000000001,34,57,0,91.5,2.2
23.66666666666665,127.55315199999973,2.365599999999995,0.15179116527037287,614.25,2866.5,337,53.300000000000004,91.60000000000001,34,57,0,91.5,2.3
23.999999999999982,127.93164799999971,2.365599999999995,0.1522415841584155,614.25,2866.5,337,51.7,91.60000000000001,34,57,0,91.5,2.3
24.333333333333314,127.17465599999973,2.365599999999995,0.15134074638233022,614.25,2866.5,336,52.5,91.60000000000001,34,57,0,91.5,2.2
24.666666666666647,127.93164799999971,2.365599999999995,0.1522415841584155,614.25,2866.5,339,52.0,91.60000000000001,34,57,0,91.5,2.3
24.99999999999998,135.04512000000187,2.5120000000000346,0.16070677837014694,614.25,2866.5,336,52.7,91.60000000000001,34,57,0,91.5,2.3
25.33333333333331,127.93164799999971,2.365599999999995,0.1522415841584155,614.25,2866.5,339,51.6,91.60000000000001,34,57,0,91.5,2.3
25.666666666666643,128.31014399999972,2.365599999999995,0.15269200304645816,614.25,2866.5,336,51.900000000000006,91.60000000000001,34,57,0,91.5,2.3
25.999999999999975,127.55315199999973,2.365599999999995,0.15179116527037287,593.775,2866.5,308,49.1,91.5,34,57,0,91.5,2.1
26.333333333333307,116.57676799999975,2.365599999999995,0.138729017517136,593.775,2866.5,293,51.900000000000006,91.60000000000001,34,57,0,91.5,2.0
26.66666666666664,110.89932799999976,2.365599999999995,0.13197273419649627,593.775,2866.5,299,52.300000000000004,91.60000000000001,34,57,0,91.5,2.1
26.99999999999997,113.17030399999976,2.365599999999995,0.13467524752475218,593.775,2866.5,298,51.2,91.60000000000001,34,57,0,91.5,2.1
27.333333333333304,112.79180799999975,2.365599999999995,0.13422482863670954,593.775,2866.5,298,51.5,91.60000000000001,34,57,0,91.5,2.1
27.666666666666636,112.79180799999975,2.365599999999995,0.13422482863670954,593.775,2866.5,298,51.300000000000004,91.5,34,57,0,91.5,2.1
27.999999999999968,112.79180799999975,2.365599999999995,0.13422482863670954,593.775,2866.5,299,51.0,91.60000000000001,34,57,0,91.5,2.1
28.3333333333333,113.17030399999976,2.365599999999995,0.13467524752475218,573.3,2866.5,263,47.800000000000004,91.60000000000001,34,57,0,91.5,1.9
28.666666666666632,99.54444799999978,2.365599999999995,0.1184601675552168,573.3,2866.5,252,49.0,91.60000000000001,34,57,0,91.5,1.9
28.999999999999964,90.0820479999998,2.365599999999995,0.10719969535415055,573.3,2866.5,241,51.5,91.5,34,57,0,91.5,1.8
29.333333333333297,91.2175359999998,2.365599999999995,0.10855095201827851,573.3,2866.5,242,51.300000000000004,91.60000000000001,34,57,0,91.5,1.8
29.66666666666663,91.5960319999998,2.365599999999995,0.10900137090632116,573.3,2866.5,240,51.400000000000006,91.60000000000001,34,57,0,91.5,1.8
29.99999999999996,90.83903999999981,2.365599999999995,0.10810053313023586,573.3,2866.5,242,51.7,91.60000000000001,34,57,0,91.5,1.8
30.333333333333293,91.2175359999998,2.365599999999995,0.10855095201827851,573.3,2866.5,241,51.400000000000006,91.60000000000001,34,57,0,91.5,1.8
30.666666666666625,84.86220800000002,2.2192000000000007,0.10098796648895662,573.3,2866.5,241,51.400000000000006,91.5,34,57,0,91.5,1.8
30.999999999999957,84.86220800000002,2.2192000000000007,0.10098796648895662,573.3,2866.5,242,51.6,91.5,34,57,0,91.5,1.8
31.33333333333329,91.5960319999998,2.365599999999995,0.10900137090632116,573.3,2866.5,241,51.2,91.60000000000001,34,57,0,91.5,1.8
31.66666666666662,85.21728000000003,2.2192000000000007,0.10141051028179744,573.3,2866.5,240,51.2,91.60000000000001,34,57,0,91.5,1.8
31.999999999999954,91.5960319999998,2.365599999999995,0.10900137090632116,573.3,2866.5,242,51.800000000000004,91.60000000000001,34,57,0,91.5,1.8
32.333333333333286,91.5960319999998,2.365599999999995,0.10900137090632116,573.3,2866.5,241,51.6,91.60000000000001,34,57,0,91.5,1.8
32.66666666666662,91.5960319999998,2.365599999999995,0.10900137090632116,573.3,2866.5,241,51.6,91.60000000000001,34,57,0,91.5,1.8
32.99999999999996,91.5960319999998,2.365599999999995,0.10900137090632116,573.3,2866.5,240,52.0,91.60000000000001,34,57,0,91.5,1.8
33.33333333333329,85.57235200000002,2.2192000000000007,0.10183305407463826,573.3,2866.5,241,51.5,91.60000000000001,34,57,0,91.5,1.8
33.66666666666663,85.21728000000003,2.2192000000000007,0.10141051028179744,573.3,2866.5,240,51.300000000000004,91.60000000000001,34,57,0,91.5,1.8
33.999999999999964,91.9745279999998,2.365599999999995,0.1094517897943638,573.3,2866.5,242,51.800000000000004,91.60000000000001,34,57,0,91.5,1.8
34.3333333333333,96.46080000000133,2.5120000000000346,0.11479055597867636,573.3,2866.5,241,51.6,91.60000000000001,34,57,0,91.5,1.8
34.666666666666636,91.2175359999998,2.365599999999995,0.10855095201827851,573.3,2866.5,241,51.7,91.60000000000001,34,57,0,91.0,0.5
34.99999999999997,91.2175359999998,2.365599999999995,0.10855095201827851,573.3,2866.5,241,51.7,91.60000000000001,34,57,0,91.0,0.5
35.33333333333331,91.2175359999998,2.365599999999995,0.10855095201827851,573.3,2866.5,241,51.7,91.60000000000001,34,57,0,91.0,0.5
35.66666666666664,91.5960319999998,2.365599999999995,0.10900137090632116,573.3,2866.5,243,52.1,91.60000000000001,34,57,0,91.5,1.8
35.99999999999998,85.57235200000002,2.2192000000000007,0.10183305407463826,573.3,2866.5,241,51.0,91.60000000000001,34,57,0,91.5,1.8
36.333333333333314,74.28198400000048,1.9264000000000123,0.08839725818735776,573.3,2866.5,242,51.1,91.60000000000001,34,57,0,91.5,1.8
36.66666666666665,91.5960319999998,2.365599999999995,0.10900137090632116,573.3,2866.5,242,51.6,91.60000000000001,34,57,0,91.5,1.8
36.999999999999986,80.59046400000025,2.0728000000000066,0.09590449352627602,573.3,2866.5,242,52.0,91.60000000000001,34,57,0,91.5,1.8
37.33333333333332,91.2175359999998,2.365599999999995,0.10855095201827851,573.3,2866.5,241,51.5,91.60000000000001,34,57,0,91.5,1.8
37.66666666666666,91.2175359999998,2.365599999999995,0.10855095201827851,573.3,2866.5,243,52.2,91.60000000000001,34,57,0,91.5,1.8
37.99999999999999,91.9745279999998,2.365599999999995,0.1094517897943638,573.3,2866.5,240,52.2,91.60000000000001,34,57,0,91.5,1.8
38.33333333333333,90.83903999999981,2.365599999999995,0.10810053313023586,573.3,2866.5,242,51.1,91.60000000000001,34,57,0,91.0,1.8
38.666666666666664,91.2175359999998,2.365599999999995,0.10855095201827851,573.3,2866.5,240,51.1,91.60000000000001,34,57,0,91.5,1.8
39.0,90.83903999999981,2.365599999999995,0.10810053313023586,573.3,2866.5,243,51.1,91.60000000000001,34,57,0,91.5,1.8
39.333333333333336,91.9745279999998,2.365599999999995,0.1094517897943638,573.3,2866.5,241,51.800000000000004,91.60000000000001,34,57,0,91.5,1.8
39.66666666666667,91.5960319999998,2.365599999999995,0.10900137090632116,573.3,2866.5,241,51.400000000000006,91.60000000000001,34,57,0,91.5,1.8
40.00000000000001,91.2175359999998,2.365599999999995,0.10855095201827851,573.3,2866.5,240,51.5,91.5,34,57,0,91.5,1.8
40.33333333333334,90.83903999999981,2.365599999999995,0.10810053313023586,573.3,2866.5,240,51.5,91.5,34,57,0,91.5,1.8
40.66666666666668,91.2175359999998,2.365599999999995,0.10855095201827851,573.3,2866.5,242,51.300000000000004,91.60000000000001,34,57,0,91.5,1.8
41.000000000000014,91.5960319999998,2.365599999999995,0.10900137090632116,573.3,2866.5,242,51.300000000000004,91.60000000000001,34,57,0,91.5,1.8
41.33333333333335,91.2175359999998,2.365599999999995,0.10855095201827851,573.3,2866.5,242,51.2,91.60000000000001,34,57,0,91.5,1.8
41.666666666666686,91.2175359999998,2.365599999999995,0.10855095201827851,573.3,2866.5,242,51.400000000000006,91.5,34,57,0,91.5,1.8
42.00000000000002,91.2175359999998,2.365599999999995,0.10855095201827851,737.1,2866.5,545,73.10000000000001,91.5,34,57,0,91.5,3.2
42.33333333333336,219.04640000000302,2.5120000000000346,0.26067022086824426,737.1,2866.5,654,55.300000000000004,91.60000000000001,34,57,0,91.5,5.6
42.66666666666669,279.025664000003,2.6584000000000287,0.3320469154607804,737.1,2866.5,639,53.2,91.60000000000001,34,57,0,91.5,5.6
43.00000000000003,271.7948160000029,2.6584000000000287,0.32344204112719316,737.1,2866.5,633,55.400000000000006,91.60000000000001,34,57,0,91.5,4.1
43.333333333333364,269.2427520000029,2.6584000000000287,0.32040502665651527,737.1,2866.5,629,54.7,91.60000000000001,34,57,0,91.5,4.1
43.6666666666667,267.5413760000029,2.6584000000000287,0.31838035034273005,737.1,2866.5,632,54.6,91.60000000000001,34,57,0,91.5,4.1
44.000000000000036,268.8174080000029,2.6584000000000287,0.31989885757806896,737.1,2866.5,632,55.1,91.5,34,57,0,91.5,4.2
44.33333333333337,267.9667200000029,2.6584000000000287,0.31888651942117635,737.1,2866.5,632,55.300000000000004,91.60000000000001,34,57,0,91.5,4.2
44.66666666666671,269.2427520000029,2.6584000000000287,0.32040502665651527,737.1,2866.5,630,56.1,91.60000000000001,34,57,0,91.5,4.1
45.00000000000004,254.0134400000035,2.5120000000000346,0.3022817974105145,716.625,2866.5,633,55.6,91.60000000000001,34,57,0,91.5,4.1
45.33333333333338,240.3481600000033,2.5120000000000346,0.28601980198020194,696.15,2866.5,588,51.300000000000004,91.60000000000001,34,57,0,91.5,3.9
45.666666666666714,217.84064000000302,2.5120000000000346,0.2592353389185108,696.15,2866.5,542,52.400000000000006,91.60000000000001,34,57,0,91.5,3.4
46.00000000000005,215.831040000003,2.5120000000000346,0.2568438690022884,696.15,2866.5,536,54.6,91.60000000000001,34,57,0,91.5,3.4
46.333333333333385,215.831040000003,2.5120000000000346,0.2568438690022884,696.15,2866.5,537,53.5,91.60000000000001,34,57,0,91.5,3.4
46.66666666666672,216.634880000003,2.5120000000000346,0.25780045696877735,696.15,2866.5,542,53.6,91.60000000000001,34,57,0,91.5,3.4
47.00000000000006,217.84064000000302,2.5120000000000346,0.2592353389185108,696.15,2866.5,540,53.800000000000004,91.60000000000001,34,57,0,91.5,3.4
47.33333333333339,217.03680000000298,2.5120000000000346,0.25827875095202185,696.15,2866.5,541,53.7,91.60000000000001,34,57,0,91.5,3.4
47.66666666666673,217.43872000000303,2.5120000000000346,0.25875704493526636,696.15,2866.5,538,53.300000000000004,91.60000000000001,34,57,0,91.5,3.4
48.000000000000064,228.83507200000247,2.6584000000000287,0.27231896420411567,696.15,2866.5,539,53.7,91.60000000000001,34,57,0,91.5,3.4
48.3333333333334,228.83507200000247,2.6584000000000287,0.27231896420411567,696.15,2866.5,541,54.0,91.60000000000001,34,57,0,91.5,3.4
48.666666666666735,204.00934399999954,2.365599999999995,0.24277578065498803,696.15,2866.5,539,53.300000000000004,91.60000000000001,34,57,0,91.5,3.4
49.00000000000007,216.23296000000298,2.5120000000000346,0.25732216298553284,696.15,2866.5,539,53.400000000000006,91.60000000000001,34,57,0,91.5,3.4
49.33333333333341,229.6857600000025,2.6584000000000287,0.2733313023610083,696.15,2866.5,540,52.5,91.60000000000001,34,57,0,91.5,3.4
49.66666666666674,204.38783999999956,2.365599999999995,0.2432261995430307,696.15,2866.5,539,54.1,91.5,34,57,0,91.5,3.4
50.00000000000008,204.38783999999956,2.365599999999995,0.2432261995430307,696.15,2866.5,539,54.1,91.5,34,57,0,91.5,3.4
50.333333333333414,204.38783999999956,2.365599999999995,0.2432261995430307,696.15,2866.5,539,54.1,91.5,34,57,0,91.5,3.4
50.66666666666675,204.38783999999956,2.365599999999995,0.2432261995430307,696.15,2866.5,539,53.400000000000006,91.60000000000001,34,57,0,91.5,3.4
51.000000000000085,204.38783999999956,2.365599999999995,0.2432261995430307,696.15,2866.5,539,53.400000000000006,91.60000000000001,34,57,0,91.5,3.4
51.33333333333342,204.38783999999956,2.365599999999995,0.2432261995430307,696.15,2866.5,539,53.400000000000006,91.60000000000001,34,57,0,91.5,3.4
51.66666666666676,204.38783999999956,2.365599999999995,0.2432261995430307,696.15,2866.5,539,53.2,91.60000000000001,34,57,0,91.5,3.4
52.00000000000009,204.38783999999956,2.365599999999995,0.2432261995430307,696.15,2866.5,539,53.2,91.60000000000001,34,57,0,91.5,3.4
52.33333333333343,204.38783999999956,2.365599999999995,0.2432261995430307,696.15,2866.5,539,53.2,91.60000000000001,34,57,0,91.5,3.4
52.666666666666764,204.38783999999956,2.365599999999995,0.2432261995430307,696.15,2866.5,539,53.2,91.60000000000001,34,57,0,91.5,3.4
53.0000000000001,204.38783999999956,2.365599999999995,0.2432261995430307,696.15,2866.5,539,53.2,91.60000000000001,34,57,0,91.5,3.4
53.333333333333435,204.00934399999954,2.365599999999995,0.24277578065498803,696.15,2866.5,539,53.6,91.5,34,57,0,91.5,3.4
53.66666666666677,204.00934399999954,2.365599999999995,0.24277578065498803,696.15,2866.5,539,53.6,91.5,34,57,0,91.5,3.4
54.00000000000011,216.634880000003,2.5120000000000346,0.25780045696877735,696.15,2866.5,539,52.5,91.60000000000001,34,57,0,91.5,3.4
54.33333333333344,216.634880000003,2.5120000000000346,0.25780045696877735,696.15,2866.5,541,53.6,91.5,34,57,0,91.5,3.4
54.66666666666678,204.76633599999954,2.365599999999995,0.24367661843107333,696.15,2866.5,540,53.7,91.60000000000001,34,57,0,91.5,3.4
55.000000000000114,205.14483199999955,2.365599999999995,0.244127037319116,696.15,2866.5,542,53.7,91.60000000000001,34,57,0,91.5,3.4
55.33333333333345,205.14483199999955,2.365599999999995,0.244127037319116,696.15,2866.5,540,53.800000000000004,91.5,34,57,0,91.5,3.4
55.666666666666785,217.03680000000298,2.5120000000000346,0.25827875095202185,696.15,2866.5,540,53.300000000000004,91.60000000000001,34,57,0,91.5,3.4
56.00000000000012,204.76633599999954,2.365599999999995,0.24367661843107333,696.15,2866.5,540,53.300000000000004,91.60000000000001,34,57,0,91.5,3.4
56.33333333333346,216.23296000000298,2.5120000000000346,0.25732216298553284,696.15,2866.5,541,53.800000000000004,91.60000000000001,34,57,0,91.5,3.4
56.66666666666679,217.43872000000303,2.5120000000000346,0.25875704493526636,696.15,2866.5,541,53.400000000000006,91.60000000000001,34,57,0,91.5,3.4
57.00000000000013,216.634880000003,2.5120000000000346,0.25780045696877735,696.15,2866.5,540,53.7,91.60000000000001,34,57,0,91.5,3.4
57.333333333333464,217.03680000000298,2.5120000000000346,0.25827875095202185,696.15,2866.5,541,54.0,91.60000000000001,34,57,0,91.5,3.4
57.6666666666668,204.76633599999954,2.365599999999995,0.24367661843107333,675.675,2866.5,510,49.5,91.60000000000001,34,57,0,91.0,0.5
58.000000000000135,204.76633599999954,2.365599999999995,0.24367661843107333,675.675,2866.5,510,49.5,91.60000000000001,34,57,0,91.0,0.5
58.33333333333347,183.9490559999996,2.365599999999995,0.2189035795887276,675.675,2866.5,489,53.1,91.60000000000001,34,57,0,91.5,3.1
58.666666666666806,207.99321600000226,2.6584000000000287,0.2475166793602464,675.675,2866.5,489,53.1,91.60000000000001,34,57,0,91.5,3.1
59.00000000000014,184.3275519999996,2.365599999999995,0.21935399847677028,675.675,2866.5,488,52.5,91.60000000000001,34,57,0,91.5,3.1
59.33333333333348,196.1369600000027,2.5120000000000346,0.2334074638233086,675.675,2866.5,489,53.2,91.60000000000001,34,57,0,91.5,3.1
59.66666666666681,185.4630399999996,2.365599999999995,0.22070525514089823,675.675,2866.5,490,53.0,91.60000000000001,34,57,0,91.5,3.1
60.00000000000015,185.0845439999996,2.365599999999995,0.22025483625285555,675.675,2866.5,489,53.2,91.60000000000001,34,57,0,91.0,0.5
60.333333333333485,184.7060479999996,2.365599999999995,0.21980441736481293,675.675,2866.5,491,52.7,91.60000000000001,34,57,0,91.0,0.5
60.66666666666682,184.7060479999996,2.365599999999995,0.21980441736481293,675.675,2866.5,488,53.2,91.60000000000001,34,57,0,91.5,3.1
61.000000000000156,207.56787200000224,2.6584000000000287,0.24701051028180007,675.675,2866.5,491,52.2,91.60000000000001,34,57,0,91.5,3.1
61.33333333333349,185.8415359999996,2.365599999999995,0.22115567402894085,675.675,2866.5,490,53.1,91.60000000000001,34,57,0,91.5,3.1
61.66666666666683,185.4630399999996,2.365599999999995,0.22070525514089823,675.675,2866.5,488,52.900000000000006,91.60000000000001,34,57,0,91.5,3.1
62.00000000000016,185.0845439999996,2.365599999999995,0.22025483625285555,675.675,2866.5,490,52.900000000000006,91.60000000000001,34,57,0,91.5,3.1
62.3333333333335,196.94080000000272,2.5120000000000346,0.23436405178979758,675.675,2866.5,488,52.2,91.60000000000001,34,57,0,91.5,3.1
62.666666666666835,184.7060479999996,2.365599999999995,0.21980441736481293,675.675,2866.5,489,52.900000000000006,91.60000000000001,34,57,0,91.5,3.1
63.00000000000017,173.98528000000007,2.2192000000000007,0.20704645849200312,675.675,2866.5,489,53.2,91.60000000000001,34,57,0,91.5,3.1
63.333333333333506,184.7060479999996,2.365599999999995,0.21980441736481293,675.675,2866.5,489,53.1,91.60000000000001,34,57,0,91.5,3.1
63.66666666666684,173.98528000000007,2.2192000000000007,0.20704645849200312,675.675,2866.5,489,53.300000000000004,91.5,34,57,0,91.5,3.1
64.00000000000017,185.0845439999996,2.365599999999995,0.22025483625285555,675.675,2866.5,488,52.7,91.5,34,57,0,91.5,3.1
64.3333333333335,173.27513600000006,2.2192000000000007,0.20620137090632146,675.675,2866.5,488,52.2,91.60000000000001,34,57,0,91.5,3.1
64.66666666666683,173.27513600000006,2.2192000000000007,0.20620137090632146,675.675,2866.5,488,52.2,91.60000000000001,34,57,0,91.5,3.1
65.00000000000016,173.27513600000006,2.2192000000000007,0.20620137090632146,675.675,2866.5,488,52.2,91.60000000000001,34,57,0,91.5,3.1
65.33333333333348,173.27513600000006,2.2192000000000007,0.20620137090632146,675.675,2866.5,489,53.1,91.60000000000001,34,57,0,91.5,3.1
65.66666666666681,173.27513600000006,2.2192000000000007,0.20620137090632146,675.675,2866.5,489,53.1,91.60000000000001,34,57,0,91.5,3.1
66.00000000000014,185.0845439999996,2.365599999999995,0.22025483625285555,675.675,2866.5,490,53.1,91.60000000000001,34,57,0,91.5,3.1
66.33333333333347,184.7060479999996,2.365599999999995,0.21980441736481293,675.675,2866.5,488,52.900000000000006,91.60000000000001,34,57,0,91.5,3.1
66.6666666666668,173.98528000000007,2.2192000000000007,0.20704645849200312,675.675,2866.5,490,52.900000000000006,91.60000000000001,34,57,0,91.5,3.1
67.00000000000013,184.7060479999996,2.365599999999995,0.21980441736481293,675.675,2866.5,488,53.7,91.60000000000001,34,57,0,91.5,3.1
67.33333333333346,185.0845439999996,2.365599999999995,0.22025483625285555,675.675,2866.5,490,53.0,91.60000000000001,34,57,0,91.5,3.1
67.66666666666679,185.4630399999996,2.365599999999995,0.22070525514089823,675.675,2866.5,489,53.2,91.60000000000001,34,57,0,91.5,3.1
68.00000000000011,207.99321600000226,2.6584000000000287,0.2475166793602464,675.675,2866.5,490,52.7,91.60000000000001,34,57,0,91.5,3.1
68.33333333333344,185.0845439999996,2.365599999999995,0.22025483625285555,675.675,2866.5,489,52.6,91.60000000000001,34,57,0,91.5,3.1
68.66666666666677,184.7060479999996,2.365599999999995,0.21980441736481293,675.675,2866.5,489,52.800000000000004,91.60000000000001,34,57,0,91.5,3.1
69.0000000000001,185.4630399999996,2.365599999999995,0.22070525514089823,675.675,2866.5,489,52.900000000000006,91.60000000000001,34,57,0,91.5,3.1
69.33333333333343,185.0845439999996,2.365599999999995,0.22025483625285555,675.675,2866.5,488,53.0,91.60000000000001,34,57,0,91.5,3.1
69.66666666666676,185.0845439999996,2.365599999999995,0.22025483625285555,675.675,2866.5,488,52.6,91.60000000000001,34,57,0,91.5,3.1
70.00000000000009,220.3450880000018,2.804800000000023,0.26221568926123595,675.675,2866.5,491,53.0,91.60000000000001,34,57,0,91.5,3.1
70.33333333333341,185.4630399999996,2.365599999999995,0.22070525514089823,675.675,2866.5,488,52.300000000000004,91.60000000000001,34,57,0,91.5,3.1
70.66666666666674,173.27513600000006,2.2192000000000007,0.20620137090632146,675.675,2866.5,490,52.800000000000004,91.60000000000001,34,57,0,91.5,3.1
71.00000000000007,161.84422400000054,2.0728000000000066,0.19259832444783,675.675,2866.5,488,53.1,91.60000000000001,34,57,0,91.5,3.1
71.3333333333334,185.0845439999996,2.365599999999995,0.22025483625285555,675.675,2866.5,491,52.1,91.60000000000001,34,57,0,91.5,3.1
71.66666666666673,185.8415359999996,2.365599999999995,0.22115567402894085,675.675,2866.5,487,52.800000000000004,91.60000000000001,34,57,0,91.5,3.1
72.00000000000006,184.3275519999996,2.365599999999995,0.21935399847677028,675.675,2866.5,491,53.0,91.60000000000001,34,57,0,91.5,3.1
72.33333333333339,185.8415359999996,2.365599999999995,0.22115567402894085,675.675,2866.5,488,52.900000000000006,91.60000000000001,34,57,0,91.5,3.1
72.66666666666671,195.7350400000027,2.5120000000000346,0.23292916984006415,675.675,2866.5,490,52.1,91.60000000000001,34,57,0,91.5,3.1
73.00000000000004,185.4630399999996,2.365599999999995,0.22070525514089823,675.675,2866.5,489,52.6,91.60000000000001,34,57,0,91.5,3.1
73.33333333333337,185.0845439999996,2.365599999999995,0.22025483625285555,675.675,2866.5,488,53.400000000000006,91.60000000000001,34,57,0,91.5,3.1
73.6666666666667,173.98528000000007,2.2192000000000007,0.20704645849200312,675.675,2866.5,489,53.1,91.60000000000001,34,57,0,91.5,3.1
74.00000000000003,185.0845439999996,2.365599999999995,0.22025483625285555,675.675,2866.5,489,53.0,91.60000000000001,34,57,0,91.5,3.1
74.33333333333336,185.0845439999996,2.365599999999995,0.22025483625285555,675.675,2866.5,490,52.6,91.5,34,57,0,91.5,3.1
74.66666666666669,196.94080000000272,2.5120000000000346,0.23436405178979758,675.675,2866.5,488,52.5,91.60000000000001,34,57,0,91.5,3.1
75.00000000000001,173.27513600000006,2.2192000000000007,0.20620137090632146,675.675,2866.5,491,52.800000000000004,91.60000000000001,34,57,0,91.5,3.1
75.33333333333334,207.99321600000226,2.6584000000000287,0.2475166793602464,675.675,2866.5,487,53.300000000000004,91.60000000000001,34,57,0,91.5,3.1
75.66666666666667,207.14252800000224,2.6584000000000287,0.24650434120335377,675.675,2866.5,491,53.0,91.60000000000001,34,57,0,91.5,3.1
76.0,185.4630399999996,2.365599999999995,0.22070525514089823,675.675,2866.5,487,53.2,91.60000000000001,34,57,0,91.5,3.1
76.33333333333333,184.7060479999996,2.365599999999995,0.21980441736481293,696.15,2866.5,515,56.0,91.60000000000001,34,57,0,91.5,3.3
76.66666666666666,194.92543999999958,2.365599999999995,0.23196572734196447,696.15,2866.5,543,53.300000000000004,91.60000000000001,34,57,0,91.5,3.6
76.99999999999999,206.28031999999956,2.365599999999995,0.24547829398324394,716.625,2866.5,581,56.2,91.5,34,57,0,91.0,3.7
77.33333333333331,219.9061759999995,2.365599999999995,0.2616933739527793,716.625,2866.5,591,53.800000000000004,91.60000000000001,34,57,0,91.0,3.7
77.66666666666664,219.9061759999995,2.365599999999995,0.2616933739527793,716.625,2866.5,591,53.800000000000004,91.60000000000001,34,57,0,91.0,3.7
77.99999999999997,223.31263999999953,2.365599999999995,0.2657471439451632,716.625,2866.5,589,53.400000000000006,91.60000000000001,34,57,0,91.5,3.7
78.3333333333333,222.55564799999954,2.365599999999995,0.2648463061690779,716.625,2866.5,589,54.0,91.60000000000001,34,57,0,91.5,3.7
78.66666666666663,236.73088000000328,2.5120000000000346,0.2817151561310016,737.1,2866.5,617,56.7,91.60000000000001,34,57,0,91.5,3.9
78.99999999999996,240.72345599999946,2.365599999999995,0.286466412795125,737.1,2866.5,638,54.900000000000006,91.60000000000001,34,57,0,91.5,3.9
79.33333333333329,257.22880000000356,2.5120000000000346,0.30610814927647034,737.1,2866.5,639,54.0,91.60000000000001,34,57,0,91.5,4.1
79.66666666666661,255.21920000000353,2.5120000000000346,0.3037166793602479,737.1,2866.5,635,54.400000000000006,91.60000000000001,34,57,0,91.5,4.1
79.99999999999994,255.21920000000353,2.5120000000000346,0.3037166793602479,757.575,2866.5,673,57.300000000000004,91.60000000000001,34,57,0,91.5,4.4
80.33333333333327,320.14617600000184,2.951200000000017,0.38098126428027634,778.05,2866.5,709,59.7,91.60000000000001,34,57,0,91.5,5.5
80.6666666666666,320.8691200000026,2.804800000000023,0.38184158415841896,798.525,2866.5,757,60.400000000000006,91.60000000000001,34,57,0,91.5,5.5
80.99999999999993,376.66816000000136,3.0976000000000115,0.44824371667936186,798.525,2866.5,761,58.6,91.60000000000001,34,57,0,91.5,5.5
81.33333333333326,376.66816000000136,3.0976000000000115,0.44824371667936186,798.525,2866.5,761,58.6,91.60000000000001,34,57,0,91.5,5.5
81.66666666666659,375.67692800000134,3.0976000000000115,0.44706412795125827,798.525,2866.5,756,60.1,91.60000000000001,34,57,0,91.5,6.5
81.99999999999991,374.1900800000014,3.0976000000000115,0.445294744859103,798.525,2866.5,756,59.400000000000006,91.60000000000001,34,57,0,91.5,6.5
82.33333333333324,392.39424000000065,3.2440000000000055,0.4669581111957357,819.0,2866.5,779,64.2,91.60000000000001,34,57,0,91.5,6.5
82.66666666666657,407.4464000000007,3.2440000000000055,0.4848705255140907,819.0,2866.5,797,61.300000000000004,91.5,34,57,0,91.5,7.1
82.9999999999999,450.44684799999925,3.5367999999999937,0.5360420411271887,839.475,2866.5,817,66.10000000000001,91.60000000000001,34,57,0,91.5,7.1
83.33333333333323,485.00377600000445,3.6832000000000336,0.5771655750190456,839.475,2866.5,828,64.10000000000001,91.60000000000001,34,57,0,91.5,7.9
83.66666666666656,487.9503360000045,3.6832000000000336,0.5806720487433412,839.475,2866.5,826,64.5,91.5,34,57,0,91.5,7.9
83.99999999999989,486.7717120000044,3.6832000000000336,0.5792694592536229,839.475,2866.5,827,64.4,91.60000000000001,34,57,0,91.5,7.8
84.33333333333321,507.34540800000366,3.8296000000000276,0.6037526275704537,839.475,2866.5,826,63.800000000000004,91.60000000000001,34,57,0,91.5,7.8
84.66666666666654,486.1824000000044,3.6832000000000336,0.5785681645087638,859.95,2866.5,866,66.8,91.60000000000001,34,57,0,91.0,8.3
84.99999999999987,550.914560000003,3.9760000000000217,0.6556009139375513,859.95,2866.5,877,65.60000000000001,91.60000000000001,34,57,0,91.5,8.7
85.3333333333332,536.7567360000039,3.8296000000000276,0.6387527798933785,859.95,2866.5,881,66.5,91.60000000000001,34,57,0,91.5,8.7
85.66666666666653,560.456960000003,3.9760000000000217,0.6669565879664926,859.95,2866.5,869,66.3,91.5,34,57,0,91.5,8.6
85.99999999999986,550.278400000003,3.9760000000000217,0.6548438690022884,859.95,2866.5,856,68.8,91.60000000000001,34,57,0,91.5,8.6
86.33333333333319,563.9443200000022,4.122400000000016,0.6711066260472227,880.425,2866.5,877,70.7,91.60000000000001,34,57,0,91.5,9.3
86.66666666666652,619.5408640000006,4.415200000000004,0.7372677837014477,880.425,2866.5,884,71.3,91.60000000000001,34,57,0,91.5,9.3
86.99999999999984,619.5408640000006,4.415200000000004,0.7372677837014477,880.425,2866.5,884,71.3,91.60000000000001,34,57,0,91.5,9.3
87.33333333333317,625.1923200000006,4.415200000000004,0.7439931454683937,880.425,2866.5,885,70.7,91.60000000000001,34,57,0,91.5,9.6
87.6666666666665,645.9225599999999,4.5615999999999985,0.7686626047220104,880.425,2866.5,888,72.0,91.60000000000001,34,57,0,91.5,9.7
87.99999999999983,668.9126399999991,4.707999999999993,0.7960213252094429,900.9,2866.5,913,74.3,91.60000000000001,34,57,0,91.5,10.0
88.33333333333316,690.7577599999989,4.707999999999993,0.8220175171363278,900.9,2866.5,925,72.0,91.5,34,57,0,91.5,10.5
88.66666666666649,696.783999999999,4.707999999999993,0.829188880426503,900.9,2866.5,925,72.2,91.60000000000001,34,57,0,91.5,10.5
88.99999999999982,696.783999999999,4.707999999999993,0.829188880426503,900.9,2866.5,930,71.10000000000001,91.60000000000001,34,57,0,91.5,10.5
89.33333333333314,700.550399999999,4.707999999999993,0.8336709824828624,900.9,2866.5,927,72.2,91.5,34,57,0,91.5,10.4
89.66666666666647,698.290559999999,4.707999999999993,0.8309817212490467,921.375,2866.5,967,75.0,91.5,34,57,0,91.5,10.8
89.9999999999998,754.179584000005,4.854400000000032,0.8974909367859922,941.85,2866.5,975,74.10000000000001,91.60000000000001,34,57,0,91.5,11.4
90.33333333333313,828.4933120000034,5.147200000000021,0.9859259710586483,941.85,2866.5,1011,75.8,91.5,34,57,0,91.5,11.8
90.66666666666646,836.7288320000034,5.147200000000021,0.9957264280274223,941.85,2866.5,1024,75.9,91.60000000000001,34,57,0,91.5,12.2
90.99999999999979,867.3034240000025,5.293600000000015,1.0321108910891117,941.85,2866.5,992,76.10000000000001,91.60000000000001,34,57,0,91.5,12.2
91.33333333333312,886.6734080000006,5.586400000000003,1.0551616146230014,941.85,2866.5,985,77.30000000000001,91.60000000000001,34,57,0,91.5,12.2
91.66666666666644,860.8256000000015,5.440000000000009,1.024402132520946,941.85,2866.5,993,77.30000000000001,91.5,34,57,0,91.5,12.2
91.99999999999977,860.8256000000015,5.440000000000009,1.024402132520946,941.85,2866.5,993,77.30000000000001,91.5,34,57,0,91.5,12.2
92.3333333333331,862.5664000000015,5.440000000000009,1.0264737242955082,941.85,2866.5,991,77.0,91.60000000000001,34,57,0,91.5,12.1
92.66666666666643,862.5664000000015,5.440000000000009,1.0264737242955082,941.85,2866.5,991,77.0,91.60000000000001,34,57,0,91.5,12.1
92.99999999999976,862.5664000000015,5.440000000000009,1.0264737242955082,941.85,2866.5,991,77.0,91.60000000000001,34,57,0,91.5,12.1
93.33333333333309,862.5664000000015,5.440000000000009,1.0264737242955082,941.85,2866.5,990,77.60000000000001,91.60000000000001,34,57,0,91.5,12.1
93.66666666666642,862.5664000000015,5.440000000000009,1.0264737242955082,941.85,2866.5,990,77.60000000000001,91.60000000000001,34,57,0,91.5,12.1
93.99999999999974,862.5664000000015,5.440000000000009,1.0264737242955082,941.85,2866.5,991,76.80000000000001,91.5,34,57,0,91.5,12.1
94.33333333333307,840.2001920000023,5.293600000000015,0.999857425742577,941.85,2866.5,991,77.4,91.60000000000001,34,57,0,91.5,12.1
94.6666666666664,837.6592640000023,5.293600000000015,0.9968336633663394,941.85,2866.5,991,77.60000000000001,91.60000000000001,34,57,0,91.5,12.1
94.99999999999973,841.0471680000023,5.293600000000015,1.0008653465346562,941.85,2866.5,991,76.9,91.60000000000001,34,57,0,91.5,12.2
95.33333333333306,838.5062400000023,5.293600000000015,0.9978415841584186,941.85,2866.5,990,76.4,91.60000000000001,34,57,0,91.5,12.2
95.66666666666639,838.5062400000023,5.293600000000015,0.9978415841584186,941.85,2866.5,990,76.4,91.60000000000001,34,57,0,91.5,12.2
95.99999999999972,838.5062400000023,5.293600000000015,0.9978415841584186,941.85,2866.5,990,76.4,91.60000000000001,34,57,0,91.5,12.2
96.33333333333304,839.3532160000022,5.293600000000015,0.9988495049504977,941.85,2866.5,992,76.60000000000001,91.5,34,57,0,91.5,12.2
96.66666666666637,839.3532160000022,5.293600000000015,0.9988495049504977,941.85,2866.5,992,76.60000000000001,91.5,34,57,0,91.5,12.2
96.9999999999997,863.4368000000015,5.440000000000009,1.0275095201827893,941.85,2866.5,992,77.0,91.5,34,57,0,91.5,12.2
97.33333333333303,863.4368000000015,5.440000000000009,1.0275095201827893,941.85,2866.5,992,77.0,91.5,34,57,0,91.5,12.2
97.66666666666636,839.3532160000022,5.293600000000015,0.9988495049504977,982.8,2866.5,991,76.9,91.5,34,58,0,91.5,12.2
97.99999999999969,999.9343360000063,5.879200000000037,1.1899447067783777,982.8,2866.5,1063,86.10000000000001,91.5,34,58,0,91.5,12.2
98.33333333333302,999.9343360000063,5.879200000000037,1.1899447067783777,982.8,2866.5,1063,86.10000000000001,91.5,34,58,0,91.5,12.2
98.66666666666634,1261.4988799999994,6.903999999999996,1.5012124904798165,982.8,2866.5,1142,86.10000000000001,91.5,34,58,0,91.5,12.2
98.99999999999967,1220.6919680000015,6.611200000000008,1.4526513328255921,982.8,2866.5,1150,85.60000000000001,91.60000000000001,34,58,0,91.5,16.6
99.333333333333,1238.6744320000016,6.611200000000008,1.4740508758568183,982.8,2866.5,1171,85.10000000000001,91.60000000000001,34,58,0,91.5,16.8
99.66666666666633,1208.1418240000025,6.464800000000014,1.4377163747143975,982.8,2866.5,1168,86.80000000000001,91.5,34,58,0,91.5,16.9
99.99999999999966,1261.7790720000003,6.757600000000002,1.5015459253617673,982.8,2866.5,1167,86.60000000000001,91.5,34,58,0,91.5,17.0
100.33333333333299,1265.0227200000004,6.757600000000002,1.5054059405940599,1003.275,2866.5,1188,87.5,91.60000000000001,34,58,0,91.5,17.0
100.66666666666632,1425.1682560000047,7.343200000000024,1.695982787509526,1003.275,2866.5,1213,90.60000000000001,91.60000000000001,34,58,0,91.5,17.0
100.99999999999964,1425.1682560000047,7.343200000000024,1.695982787509526,1003.275,2866.5,1213,90.60000000000001,91.60000000000001,34,58,0,91.5,17.0
101.33333333333297,1485.6601600000024,7.6360000000000126,1.7679695354150828,1003.275,2866.5,1214,91.0,91.5,34,58,0,91.5,19.6
101.6666666666663,1568.526847999999,8.075199999999995,1.866582787509519,1003.275,2866.5,1209,91.10000000000001,91.5,34,58,0,91.5,19.5
101.99999999999963,1458.3749120000036,7.489600000000019,1.7354994668697683,1003.275,2866.5,1224,91.2,91.5,34,58,0,91.5,19.5
102.33333333333296,1683.7836800000073,8.221600000000034,2.003741051028188,1023.75,2866.5,1280,96.5,91.5,34,58,0,91.5,19.5
102.66666666666629,1699.5691520000073,8.221600000000034,2.0225261233815774,1044.225,2866.5,1298,97.30000000000001,91.5,34,58,0,91.5,22.4
102.99999999999962,1912.488960000001,8.953600000000005,2.2759055597867492,1044.225,2866.5,1339,100.4,91.5,34,58,0,91.5,24.2
103.33333333333294,1992.7841279999989,9.246399999999994,2.3714586443259695,1044.225,2866.5,1344,100.5,91.5,34,58,0,91.5,25.2
103.66666666666627,1956.864,9.1,2.3287128712871286,1044.225,2866.5,1347,101.80000000000001,91.5,34,58,0,91.5,25.2
103.9999999999996,1961.232,9.1,2.3339108910891087,1044.225,2866.5,1345,100.80000000000001,91.60000000000001,34,58,0,91.5,25.2
104.33333333333293,1961.232,9.1,2.3339108910891087,1044.225,2866.5,1345,100.80000000000001,91.60000000000001,34,58,0,91.5,25.2
104.66666666666626,2107.5865600000047,9.685600000000022,2.5080761614623057,1064.7,2866.5,1360,104.4,91.5,34,58,0,91.5,25.2
104.99999999999959,2107.5865600000047,9.685600000000022,2.5080761614623057,1064.7,2866.5,1360,104.4,91.5,34,58,0,91.5,25.2
105.33333333333292,2107.5865600000047,9.685600000000022,2.5080761614623057,1064.7,2866.5,1381,107.30000000000001,91.5,34,58,0,91.5,25.2
105.66666666666625,2230.695936000001,10.124800000000004,2.6545791317593306,1064.7,2866.5,1378,104.5,91.5,34,58,0,91.5,28.0
105.99999999999957,2233.935872000001,10.124800000000004,2.65843472962681,1064.7,2866.5,1379,104.7,91.60000000000001,34,58,0,91.5,28.1
106.3333333333329,2232.315904000001,10.124800000000004,2.6565069306930704,1064.7,2866.5,1382,105.30000000000001,91.5,34,58,0,91.5,28.1
106.66666666666623,2235.555840000001,10.124800000000004,2.6603625285605492,1064.7,2866.5,1376,105.4,91.5,34,58,0,91.5,28.0
106.99999999999956,2229.075968000001,10.124800000000004,2.652651332825591,1064.7,2866.5,1371,105.2,91.60000000000001,34,59,0,91.5,27.9
107.33333333333289,2229.075968000001,10.124800000000004,2.652651332825591,1064.7,2866.5,1371,105.2,91.60000000000001,34,59,0,91.5,27.9
107.66666666666622,2229.075968000001,10.124800000000004,2.652651332825591,1064.7,2866.5,1371,105.2,91.60000000000001,34,59,0,91.5,27.9
107.99999999999955,2200.0376320000028,9.978400000000011,2.6180950495049533,1064.7,2866.5,1378,105.10000000000001,91.60000000000001,34,59,0,91.5,27.9
108.33333333333287,2232.315904000001,10.124800000000004,2.6565069306930704,1064.7,2866.5,1374,105.60000000000001,91.5,34,59,0,91.5,27.9
108.6666666666662,2229.075968000001,10.124800000000004,2.652651332825591,1085.175,2866.5,1410,109.9,91.5,34,59,0,91.5,28.6
108.99999999999953,2429.9755520000062,10.710400000000027,2.8917264280274253,1085.175,2866.5,1418,110.4,91.30000000000001,34,59,0,91.5,30.8
109.33333333333286,2489.247104000005,10.856800000000021,2.9622609291698456,1085.175,2866.5,1435,111.2,91.5,34,59,0,91.5,30.8
109.66666666666619,2489.247104000005,10.856800000000021,2.9622609291698456,1085.175,2866.5,1435,111.2,91.5,34,59,0,91.5,30.8
109.99999999999952,2526.3347200000035,11.003200000000016,3.0063960396039646,1085.175,2866.5,1433,109.9,91.60000000000001,34,59,0,91.5,30.8
110.33333333333285,2526.3347200000035,11.003200000000016,3.0063960396039646,1085.175,2866.5,1435,109.5,91.5,34,59,0,91.5,30.8
110.66666666666617,2524.5742080000036,11.003200000000016,3.0043009900990145,1085.175,2866.5,1434,110.5,91.5,34,59,0,91.5,31.3
110.9999999999995,2524.5742080000036,11.003200000000016,3.0043009900990145,1085.175,2866.5,1436,109.7,91.5,34,59,0,91.5,31.3
111.33333333333283,2524.5742080000036,11.003200000000016,3.0043009900990145,1085.175,2866.5,1436,109.7,91.5,34,59,0,91.5,31.3
111.66666666666616,2524.5742080000036,11.003200000000016,3.0043009900990145,1085.175,2866.5,1436,109.7,91.5,34,59,0,91.5,31.3
111.99999999999949,2526.3347200000035,11.003200000000016,3.0063960396039646,1105.65,2866.5,1440,110.80000000000001,91.5,34,59,0,91.5,31.3
112.33333333333282,2689.421696,11.442399999999997,3.2004732673267324,1105.65,2866.5,1483,114.2,91.5,34,59,0,91.5,31.3
112.66666666666615,2766.478335999998,11.588799999999992,3.2921724295506447,1105.65,2866.5,1492,114.9,91.5,34,60,0,91.5,34.5
112.99999999999947,2768.332543999998,11.588799999999992,3.2943789794364027,1105.65,2866.5,1492,115.4,91.5,34,60,0,91.5,34.5
113.3333333333328,2793.9164160000073,11.735200000000031,3.324824371667945,1105.65,2866.5,1490,114.5,91.5,34,60,0,91.5,34.5
113.66666666666613,2797.6716800000077,11.735200000000031,3.3292932216298645,1105.65,2866.5,1487,114.5,91.5,34,60,0,91.5,34.5
113.99999999999946,2792.0387840000076,11.735200000000031,3.322589946686985,1105.65,2866.5,1487,114.9,91.5,34,60,0,91.5,34.5
114.33333333333279,2807.0598400000076,11.735200000000031,3.3404653465346623,1105.65,2866.5,1492,114.80000000000001,91.5,34,60,0,91.5,34.6
114.66666666666612,2799.5493120000074,11.735200000000031,3.331527646610824,1105.65,2866.5,1495,115.80000000000001,91.5,34,60,0,91.5,34.6
114.99999999999945,2842.0787200000063,11.881600000000025,3.3821386138613936,1105.65,2866.5,1495,115.2,91.5,34,60,0,91.5,34.6
115.33333333333277,2799.5493120000074,11.735200000000031,3.331527646610824,1105.65,2866.5,1492,116.2,91.5,34,60,0,91.5,34.5
115.6666666666661,2799.5493120000074,11.735200000000031,3.331527646610824,1105.65,2866.5,1490,115.60000000000001,91.5,34,60,0,91.5,34.5
115.99999999999943,2799.5493120000074,11.735200000000031,3.331527646610824,1105.65,2866.5,1491,115.60000000000001,91.5,34,60,0,91.5,34.5
116.33333333333276,2799.5493120000074,11.735200000000031,3.331527646610824,1105.65,2866.5,1494,114.60000000000001,91.5,34,60,0,91.5,34.6
116.66666666666609,2805.182208000008,11.735200000000031,3.338230921553703,1105.65,2866.5,1493,115.7,91.5,34,60,0,91.5,34.6
116.99999999999942,2803.3045760000073,11.735200000000031,3.3359964965727427,1105.65,2866.5,1493,115.80000000000001,91.30000000000001,34,60,0,91.5,34.6
117.33333333333275,2803.3045760000073,11.735200000000031,3.3359964965727427,1105.65,2866.5,1495,115.60000000000001,91.5,34,60,0,91.5,34.0
117.66666666666607,2803.3045760000073,11.735200000000031,3.3359964965727427,1105.65,2866.5,1493,115.60000000000001,91.5,34,60,0,91.5,34.0
117.9999999999994,2803.3045760000073,11.735200000000031,3.3359964965727427,1105.65,2866.5,1493,115.60000000000001,91.5,34,60,0,91.5,34.0
118.33333333333273,2803.3045760000073,11.735200000000031,3.3359964965727427,1105.65,2866.5,1494,115.10000000000001,91.30000000000001,34,60,0,91.5,34.0
118.66666666666606,2803.3045760000073,11.735200000000031,3.3359964965727427,1105.65,2866.5,1494,115.10000000000001,91.30000000000001,34,60,0,91.5,34.0
118.99999999999939,2803.3045760000073,11.735200000000031,3.3359964965727427,1105.65,2866.5,1494,115.10000000000001,91.30000000000001,34,60,0,91.5,34.0
119.33333333333272,2801.4269440000076,11.735200000000031,3.3337620715917833,1105.65,2866.5,1494,115.60000000000001,91.5,34,60,0,91.5,34.0
119.66666666666605,2801.4269440000076,11.735200000000031,3.3337620715917833,1105.65,2866.5,1494,115.60000000000001,91.5,34,60,0,91.5,34.0
119.99999999999937,2801.4269440000076,11.735200000000031,3.3337620715917833,1105.65,2866.5,1493,116.10000000000001,91.5,34,60,0,91.5,34.5
120.3333333333327,2799.5493120000074,11.735200000000031,3.331527646610824,1105.65,2866.5,1492,115.2,91.5,35,60,0,91.5,34.5
120.66666666666603,2805.182208000008,11.735200000000031,3.338230921553703,1105.65,2866.5,1493,115.2,91.5,35,60,0,91.5,34.6
120.99999999999936,2803.3045760000073,11.735200000000031,3.3359964965727427,1105.65,2866.5,1495,115.80000000000001,91.5,35,60,0,91.5,34.6
121.33333333333269,2766.478335999998,11.588799999999992,3.2921724295506447,1105.65,2866.5,1492,115.10000000000001,91.5,35,60,0,91.5,34.6
121.66666666666602,2766.478335999998,11.588799999999992,3.2921724295506447,1105.65,2866.5,1492,115.10000000000001,91.5,35,60,0,91.5,34.6
121.99999999999935,2766.478335999998,11.588799999999992,3.2921724295506447,1105.65,2866.5,1492,115.10000000000001,91.5,35,60,0,91.5,34.6
122.33333333333267,2766.478335999998,11.588799999999992,3.2921724295506447,1167.075,2866.5,1501,116.9,91.5,35,60,0,91.5,34.6
122.666666666666,3676.681855999999,13.784799999999995,4.3753354150799675,1167.075,2866.5,1667,130.3,91.5,34,60,0,91.5,40.8
122.99999999999933,3827.17926400001,13.931200000000036,4.554430769230781,1167.075,2866.5,1731,130.1,91.5,35,60,0,91.5,46.3
123.33333333333266,3893.933568000007,15.248800000000028,4.6338699162224,1167.075,2866.5,1585,130.4,91.5,35,60,0,91.5,46.3
123.66666666666599,3599.822080000009,13.931200000000036,4.283870525514101,1167.075,2866.5,1656,129.8,91.5,35,60,0,91.5,44.4
123.99999999999932,3694.326399999999,13.784799999999995,4.3963328255902505,1167.075,2866.5,1701,129.20000000000002,91.5,35,60,0,91.5,46.0
124.33333333333265,3916.843008,14.8096,4.661132673267327,1167.075,2866.5,1653,129.20000000000002,91.30000000000001,35,60,0,91.0,46.3
124.66666666666598,3848.126464,14.8096,4.579358415841583,1167.075,2866.5,1593,128.70000000000002,91.5,35,60,0,91.5,44.3
124.9999999999993,3766.99648000001,13.931200000000036,4.48281188118813,1167.075,2866.5,1690,128.8,91.30000000000001,35,60,0,91.5,45.5
125.33333333333263,3887.1347200000064,14.224000000000023,4.625779131759337,1167.075,2866.5,1675,130.4,91.30000000000001,35,60,0,91.5,46.6
125.66666666666596,3890.5024000000035,14.516800000000012,4.629786747905563,1187.55,2866.5,1660,135.4,91.5,35,60,0,91.5,46.6
125.99999999999929,4037.8822400000076,15.248800000000028,4.805172124904807,1187.55,2866.5,1647,134.8,91.5,35,60,0,91.5,48.2
126.33333333333262,4018.363776000007,15.248800000000028,4.781944706778378,1187.55,2866.5,1652,134.70000000000002,91.5,35,60,0,91.5,48.2
126.66666666666595,4069.2592640000057,15.395200000000022,4.842511500380814,1187.55,2866.5,1659,136.0,91.30000000000001,35,60,0,91.5,48.3
126.99999999999928,4057.4007040000074,15.248800000000028,4.828399543031235,1208.025,2866.5,1709,138.9,91.30000000000001,35,60,0,91.5,49.3
127.3333333333326,4289.726720000003,15.688000000000011,5.104872810357962,1208.025,2866.5,1745,139.3,91.5,35,60,0,91.5,52.4
127.66666666666593,4543.58912000001,16.273600000000034,5.406974866717452,1208.025,2866.5,1745,139.6,91.60000000000001,35,60,0,91.5,53.4
127.99999999999926,4492.392831999999,16.127199999999995,5.346050114242192,1208.025,2866.5,1737,138.20000000000002,91.5,35,60,0,91.5,53.3
128.3333333333326,4482.071423999999,16.127199999999995,5.333767402894134,1208.025,2866.5,1734,140.0,91.30000000000001,35,60,0,91.5,53.1
128.66666666666595,4514.94758400001,16.273600000000034,5.372890784463073,1228.5,2866.5,1781,144.8,91.30000000000001,35,60,0,91.5,53.1
128.9999999999993,4762.4794880000045,16.712800000000016,5.667459405940599,1228.5,2866.5,1811,145.3,91.5,35,60,0,91.5,57.5
129.33333333333263,4932.984448000001,17.005600000000005,5.87036420411272,1228.5,2866.5,1820,145.1,91.30000000000001,35,60,0,91.5,58.3
129.66666666666598,4991.9180799999995,17.151999999999997,5.940496572734196,1248.975,2866.5,1863,150.20000000000002,91.5,35,60,0,91.5,58.3
129.99999999999932,5345.169920000005,17.884000000000015,6.36087433358721,1248.975,2866.5,1881,149.3,91.5,35,60,0,91.5,58.3
130.33333333333266,5390.952960000004,17.884000000000015,6.415357197258192,1248.975,2866.5,1892,149.0,91.2,35,60,0,91.5,63.2
130.666666666666,5419.5673600000055,17.884000000000015,6.449408987052557,1248.975,2866.5,1898,149.70000000000002,91.2,35,60,0,91.5,63.5
130.99999999999935,5431.013120000004,17.884000000000015,6.463029702970301,1248.975,2866.5,1901,150.0,91.5,35,60,0,91.5,63.7
131.3333333333327,5439.597440000004,17.884000000000015,6.473245239908612,1248.975,2866.5,1902,149.4,91.30000000000001,35,60,0,91.5,63.7
131.66666666666603,5442.458880000005,17.884000000000015,6.476650418888049,1248.975,2866.5,1903,149.5,91.5,35,60,0,91.0,63.7
131.99999999999937,5445.320320000005,17.884000000000015,6.4800555978674845,1248.975,2866.5,1902,150.20000000000002,91.5,35,60,0,91.5,63.7
132.33333333333272,5442.458880000005,17.884000000000015,6.476650418888049,1248.975,2866.5,1898,149.5,91.30000000000001,35,60,0,91.5,63.7
132.66666666666606,5431.013120000004,17.884000000000015,6.463029702970301,1269.45,2866.5,1935,154.3,91.30000000000001,35,60,0,91.5,63.7
132.9999999999994,5763.51360000001,18.61600000000003,6.858712871287141,1269.45,2866.5,1944,152.70000000000002,91.5,35,60,0,91.5,67.8
133.33333333333275,5823.8489600000075,18.762400000000024,6.930513328255912,1269.45,2866.5,1940,153.70000000000002,91.5,35,60,0,91.5,67.8
133.6666666666661,5823.8489600000075,18.762400000000024,6.930513328255912,1269.45,2866.5,1940,153.70000000000002,91.5,35,60,0,91.5,67.8
133.99999999999943,5751.801344000008,18.762400000000024,6.844775019040375,1269.45,2866.5,1924,154.0,91.5,35,60,0,91.5,67.0
134.33333333333277,5775.817216000008,18.762400000000024,6.873354455445553,1269.45,2866.5,1927,154.5,91.30000000000001,35,60,0,91.5,67.3
134.66666666666612,5829.961216000007,18.90880000000002,6.937787052551417,1289.925,2866.5,1966,157.8,91.30000000000001,35,60,0,91.5,69.0
134.99999999999946,6178.210048000011,19.640800000000034,7.352211119573508,1289.925,2866.5,1965,159.60000000000002,91.30000000000001,35,60,0,91.5,72.2
135.3333333333328,6221.09568000001,19.78720000000003,7.403246001523241,1289.925,2866.5,1972,159.5,91.5,35,60,0,91.5,72.2
135.66666666666615,6197.06521600001,19.640800000000034,7.374649200304658,1289.925,2866.5,1972,159.3,91.5,35,60,0,91.5,72.2
135.9999999999995,6243.257344000011,19.78720000000003,7.429618888042662,1289.925,2866.5,1969,159.4,91.30000000000001,35,60,0,91.5,72.2
136.33333333333283,6184.4951040000105,19.640800000000034,7.359690479817226,1289.925,2866.5,1969,159.4,91.30000000000001,35,60,0,91.5,72.1
136.66666666666617,6233.75948800001,19.78720000000003,7.418316222391481,1289.925,2866.5,1969,159.4,91.30000000000001,35,60,0,91.5,72.1
136.99999999999952,6233.75948800001,19.78720000000003,7.418316222391481,1289.925,2866.5,1969,159.4,91.30000000000001,35,60,0,91.5,72.1
137.33333333333286,6233.75948800001,19.78720000000003,7.418316222391481,1289.925,2866.5,1969,159.0,91.30000000000001,35,60,0,91.5,72.1
137.6666666666662,6230.593536000009,19.78720000000003,7.414548667174421,1310.4,2866.5,2016,166.0,91.30000000000001,35,60,0,91.5,74.0
137.99999999999955,6524.227584000004,20.226400000000012,7.763979893373958,1310.4,2866.5,2032,164.8,91.2,35,60,0,91.5,76.9
138.3333333333329,6687.617664000001,20.5192,7.958417821782179,1310.4,2866.5,2043,164.3,91.5,35,60,0,91.5,77.5
138.66666666666623,6761.784319999998,20.665599999999994,8.04667783701447,1310.4,2866.5,2044,163.8,91.2,35,60,0,91.5,77.8
138.99999999999957,6854.23513600001,20.95840000000003,8.156696420411285,1310.4,2866.5,2039,164.9,91.30000000000001,35,60,0,91.5,77.7
139.33333333333292,6738.638847999998,20.665599999999994,8.01913419649657,1310.4,2866.5,2036,163.4,91.30000000000001,35,60,0,91.5,77.7
139.66666666666626,6684.334592,20.5192,7.954510891089109,1310.4,2866.5,2035,163.60000000000002,91.30000000000001,35,60,0,91.5,77.5
139.9999999999996,6674.4853760000005,20.5192,7.942790099009901,1310.4,2866.5,2033,164.10000000000002,91.30000000000001,35,60,0,91.5,77.5
140.33333333333294,6674.4853760000005,20.5192,7.942790099009901,1310.4,2866.5,2033,164.10000000000002,91.30000000000001,35,60,0,91.5,77.5
140.6666666666663,6684.334592,20.5192,7.954510891089109,1310.4,2866.5,2034,163.60000000000002,91.2,35,60,0,91.5,77.5
140.99999999999963,6677.768448000001,20.5192,7.946697029702971,1310.4,2866.5,2035,163.8,91.30000000000001,35,60,0,91.5,77.5
141.33333333333297,6725.412863999999,20.665599999999994,8.003394973343486,1310.4,2866.5,2033,162.70000000000002,91.30000000000001,35,60,0,91.5,77.5
141.66666666666632,6725.412863999999,20.665599999999994,8.003394973343486,1310.4,2866.5,2033,162.70000000000002,91.30000000000001,35,60,0,91.5,77.5
141.99999999999966,6732.0258559999975,20.665599999999994,8.011264584920028,1310.4,2866.5,2036,165.5,91.30000000000001,35,61,0,91.5,77.5
142.333333333333,6684.334592,20.5192,7.954510891089109,1310.4,2866.5,2034,163.4,91.5,35,61,0,91.5,77.5
142.66666666666634,6681.05152,20.5192,7.950603960396039,1310.4,2866.5,2035,163.0,91.30000000000001,35,61,0,91.5,77.5
142.9999999999997,6681.05152,20.5192,7.950603960396039,1310.4,2866.5,2034,165.70000000000002,91.5,35,61,0,91.5,77.5
143.33333333333303,6728.719359999997,20.665599999999994,8.007329779131757,1310.4,2866.5,2034,163.0,91.5,35,61,0,91.5,77.5
143.66666666666637,6732.0258559999975,20.665599999999994,8.011264584920028,1310.4,2866.5,2037,163.20000000000002,91.30000000000001,35,61,0,91.5,77.5
143.99999999999972,6773.057280000011,20.812000000000033,8.060092916984019,1310.4,2866.5,2034,163.20000000000002,91.5,35,61,0,91.5,77.5
144.33333333333306,6681.05152,20.5192,7.950603960396039,1310.4,2866.5,2036,164.3,91.30000000000001,35,61,0,91.5,77.5
144.6666666666664,6931.36204800001,20.95840000000003,8.248479207920804,1330.875,2866.5,2077,167.20000000000002,91.30000000000001,35,61,0,91.5,79.1
144.99999999999974,7193.972480000001,21.544000000000004,8.560991622239149,1330.875,2866.5,2087,168.60000000000002,91.30000000000001,35,61,0,91.5,82.5
145.3333333333331,7145.713920000001,21.544000000000004,8.503562833206399,1371.825,2866.5,2097,173.3,91.30000000000001,35,61,0,91.0,83.2
145.66666666666643,7680.614016000003,22.56880000000001,9.14010616907845,1371.825,2866.5,2138,178.3,91.2,35,61,0,91.5,89.4
145.99999999999977,7920.657152000011,23.15440000000003,9.425762985529335,1371.825,2866.5,2139,179.4,91.2,35,61,0,91.5,89.4
146.33333333333312,7920.657152000011,23.15440000000003,9.425762985529335,1371.825,2866.5,2139,179.4,91.2,35,61,0,91.5,89.4
146.66666666666646,7902.133632000011,23.15440000000003,9.403719573495824,1371.825,2866.5,2132,180.8,91.2,35,61,0,91.5,91.0
146.9999999999998,7883.61011200001,23.15440000000003,9.381676161462313,1371.825,2866.5,2128,177.8,91.30000000000001,35,61,0,91.5,90.8
147.33333333333314,7876.200704000011,23.15440000000003,9.372858796648908,1392.3,2866.5,2126,178.4,91.30000000000001,35,61,0,91.5,90.7
147.6666666666665,8223.536000000004,23.74000000000001,9.786195734958115,1392.3,2866.5,2184,183.8,91.5,35,61,0,91.5,90.7
147.99999999999983,8440.31936,24.032799999999998,10.044172886519421,1392.3,2866.5,2196,183.8,91.30000000000001,36,61,0,91.5,90.7
148.33333333333317,8440.31936,24.032799999999998,10.044172886519421,1392.3,2866.5,2196,183.8,91.30000000000001,36,61,0,91.5,90.7
148.66666666666652,8440.31936,24.032799999999998,10.044172886519421,1392.3,2866.5,2188,184.8,91.30000000000001,36,61,0,91.5,90.7
148.99999999999986,8440.31936,24.032799999999998,10.044172886519421,1392.3,2866.5,2188,184.8,91.30000000000001,36,61,0,91.5,90.7
149.3333333333332,8413.402623999998,24.032799999999998,10.012141355674027,1392.3,2866.5,2190,182.4,91.5,36,61,0,91.5,97.0
149.66666666666654,8728.699904000006,24.61840000000002,10.387352322924608,1412.775,2866.5,2216,187.3,91.30000000000001,36,61,0,91.5,97.0
149.9999999999999,8728.699904000006,24.61840000000002,10.387352322924608,1412.775,2866.5,2216,187.3,91.30000000000001,36,61,0,91.5,97.0
150.33333333333323,8728.699904000006,24.61840000000002,10.387352322924608,1412.775,2866.5,2216,187.3,91.30000000000001,36,61,0,91.5,97.0
150.66666666666657,8728.699904000006,24.61840000000002,10.387352322924608,1412.775,2866.5,2227,189.60000000000002,91.2,36,61,0,91.5,97.0
150.99999999999991,8728.699904000006,24.61840000000002,10.387352322924608,1412.775,2866.5,2227,189.60000000000002,91.2,36,61,0,91.5,97.0
151.33333333333326,8932.159872000004,24.911200000000008,10.62947433358721,1412.775,2866.5,2241,189.8,91.30000000000001,36,61,0,91.5,102.9
151.6666666666666,8968.616192000001,25.0576,10.672858187357198,1412.775,2866.5,2243,187.60000000000002,91.2,36,61,0,91.5,102.9
151.99999999999994,8976.634624,25.0576,10.68240030464585,1412.775,2866.5,2241,190.3,91.30000000000001,36,61,0,91.5,102.9
152.3333333333333,8976.634624,25.0576,10.68240030464585,1412.775,2866.5,2240,189.60000000000002,91.30000000000001,36,61,0,91.5,102.9
152.66666666666663,8992.671488000002,25.0576,10.701484539223154,1412.775,2866.5,2235,188.5,91.2,36,61,0,91.0,0.5
152.99999999999997,8992.671488000002,25.0576,10.701484539223154,1412.775,2866.5,2235,188.5,91.2,36,61,0,91.0,0.5
153.33333333333331,8904.259328000004,24.911200000000008,10.596272048743339,1453.725,2866.5,2261,192.5,91.30000000000001,36,61,0,91.5,102.8
153.66666666666666,9847.95904000001,26.668000000000028,11.71929626808836,1453.725,2866.5,2315,201.60000000000002,91.0,36,61,0,91.5,108.1
154.0,9933.296640000011,26.668000000000028,11.820849961919281,1453.725,2866.5,2330,197.4,91.30000000000001,36,61,0,91.5,113.0
154.33333333333334,9895.739392000014,26.521600000000035,11.776155978674806,1453.725,2866.5,2333,198.5,91.30000000000001,36,61,0,91.5,113.7
154.66666666666669,9941.830400000012,26.668000000000028,11.831005331302373,1453.725,2866.5,2331,198.70000000000002,91.2,36,61,0,91.5,113.7
155.00000000000003,9941.830400000012,26.668000000000028,11.831005331302373,1453.725,2866.5,2331,198.70000000000002,91.2,36,61,0,91.5,113.7
155.33333333333337,9941.830400000012,26.668000000000028,11.831005331302373,1453.725,2866.5,2331,198.70000000000002,91.2,36,61,0,91.5,113.7
155.6666666666667,9911.96224000001,26.668000000000028,11.79546153846155,1453.725,2866.5,2322,194.20000000000002,91.2,36,61,0,91.5,113.3
156.00000000000006,9940.634368000008,26.814400000000024,11.829582025894908,1453.725,2866.5,2317,195.60000000000002,91.2,36,61,0,91.5,113.3
156.3333333333334,9907.69536000001,26.668000000000028,11.790383853770004,1453.725,2866.5,2322,203.0,91.30000000000001,36,61,0,91.5,113.3
156.66666666666674,9916.22912000001,26.668000000000028,11.800539223153097,1453.725,2866.5,2310,199.10000000000002,91.2,36,62,0,91.5,113.4
157.00000000000009,9856.49280000001,26.668000000000028,11.729451637471453,1453.725,2866.5,2310,197.5,91.0,36,62,0,91.5,11.0
157.33333333333343,9979.24710400001,26.814400000000024,11.875532063975639,1453.725,2866.5,2321,197.20000000000002,91.2,36,62,0,91.5,11.0
157.66666666666677,9953.505280000008,26.814400000000024,11.84489870525515,1453.725,2866.5,2316,194.60000000000002,91.2,36,62,0,91.5,113.3
158.0000000000001,9894.89472000001,26.668000000000028,11.775150799695366,1453.725,2866.5,2317,197.9,91.2,36,62,0,91.5,113.1
158.33333333333346,9949.21497600001,26.814400000000024,11.839793145468404,1474.2,2866.5,2320,203.0,91.2,36,63,0,91.5,113.1
158.6666666666668,10383.890943999999,27.546399999999995,12.357067479055596,1474.2,2866.5,2365,203.70000000000002,91.30000000000001,36,63,0,91.5,113.1
159.00000000000014,10383.890943999999,27.546399999999995,12.357067479055596,1474.2,2866.5,2365,203.70000000000002,91.30000000000001,36,63,0,91.5,113.1
159.33333333333348,10383.890943999999,27.546399999999995,12.357067479055596,1474.2,2866.5,2373,203.9,91.30000000000001,36,63,0,91.5,120.0
159.66666666666683,10514.402304000014,27.692800000000034,12.512378979436422,1494.675,2866.5,2397,208.20000000000002,91.0,36,63,0,91.0,0.5
160.00000000000017,10514.402304000014,27.692800000000034,12.512378979436422,1494.675,2866.5,2397,208.20000000000002,91.0,36,63,0,91.0,0.5
160.3333333333335,10901.479296000001,28.424800000000005,12.973009444021327,1494.675,2866.5,2397,207.8,91.2,36,63,0,91.0,0.5
160.66666666666686,10948.483839999999,28.571199999999997,13.028945925361764,1494.675,2866.5,2397,206.20000000000002,91.2,36,63,0,91.5,124.0
161.0000000000002,10915.123200000004,28.424800000000005,12.989246001523233,1494.675,2866.5,2400,208.60000000000002,91.2,36,63,0,91.5,124.0
161.33333333333354,10943.912448000001,28.571199999999997,13.023505864432597,1494.675,2866.5,2397,208.0,91.5,36,63,0,91.5,124.1
161.66666666666688,10906.027264000002,28.424800000000005,12.978421629855296,1494.675,2866.5,2398,205.4,90.9,36,63,0,91.5,124.1
162.00000000000023,10854.381056000004,28.278400000000012,12.91696146230008,1494.675,2866.5,2399,209.70000000000002,91.2,36,63,0,91.5,124.1
162.33333333333357,10915.123200000004,28.424800000000005,12.989246001523233,1494.675,2866.5,2397,209.3,91.0,36,63,0,91.5,124.1
162.6666666666669,10966.769408,28.571199999999997,13.050706169078445,1515.15,2866.5,2399,207.70000000000002,91.2,36,63,0,91.5,124.2
163.00000000000026,11435.280768000006,29.303200000000015,13.608245392231538,1515.15,2866.5,2443,214.3,91.2,36,63,0,91.5,127.5
163.3333333333336,11573.219840000002,29.596000000000004,13.772396039603963,1515.15,2866.5,2441,215.5,91.2,36,63,0,91.5,127.5
163.66666666666694,11616.191744,29.742399999999996,13.823533587204873,1515.15,2866.5,2441,215.5,91.2,36,63,0,91.5,127.5
164.00000000000028,11616.191744,29.742399999999996,13.823533587204873,1515.15,2866.5,2437,213.70000000000002,91.0,36,63,0,91.5,127.5
164.33333333333363,11616.191744,29.742399999999996,13.823533587204873,1515.15,2866.5,2437,213.70000000000002,91.0,36,63,0,91.5,127.5
164.66666666666697,11616.191744,29.742399999999996,13.823533587204873,1515.15,2866.5,2438,214.10000000000002,91.30000000000001,36,63,0,91.5,127.5
165.0000000000003,11478.276096000003,29.44960000000001,13.65941081492765,1515.15,2866.5,2436,214.9,91.30000000000001,36,63,0,91.5,127.5
165.33333333333366,11478.276096000003,29.44960000000001,13.65941081492765,1515.15,2866.5,2436,214.9,91.30000000000001,36,63,0,91.5,127.5
165.666666666667,11478.276096000003,29.44960000000001,13.65941081492765,1515.15,2866.5,2436,214.9,91.30000000000001,36,63,0,91.5,127.5
166.00000000000034,11530.601600000002,29.596000000000004,13.72167936024372,1515.15,2866.5,2435,212.70000000000002,91.30000000000001,36,63,0,91.5,127.5
166.33333333333368,11535.336960000002,29.596000000000004,13.727314546839303,1515.15,2866.5,2435,214.5,91.2,36,63,0,91.5,127.5
166.66666666666703,11540.072320000001,29.596000000000004,13.732949733434882,1515.15,2866.5,2432,215.10000000000002,91.2,36,63,0,91.5,131.0
167.00000000000037,11516.395520000002,29.596000000000004,13.704773800456971,1515.15,2866.5,2436,211.4,91.2,36,63,0,91.5,130.9
167.3333333333337,11544.807680000002,29.596000000000004,13.738584920030467,1515.15,2866.5,2438,214.4,91.30000000000001,37,63,0,91.5,130.9
167.66666666666706,11535.336960000002,29.596000000000004,13.727314546839303,1515.15,2866.5,2436,216.10000000000002,91.2,37,63,0,91.5,131.0
168.0000000000004,11535.336960000002,29.596000000000004,13.727314546839303,1515.15,2866.5,2436,216.70000000000002,91.2,37,63,0,91.5,131.0
168.33333333333374,11525.866240000001,29.596000000000004,13.716044173648134,1515.15,2866.5,2434,213.8,91.2,37,63,0,91.5,131.3
168.66666666666708,11563.845119999998,29.742399999999996,13.761239908606244,1515.15,2866.5,2428,211.8,91.2,37,63,0,91.5,131.3
169.00000000000043,11492.718720000003,29.596000000000004,13.676597867479058,1515.15,2866.5,2427,211.10000000000002,91.0,37,63,0,91.5,131.3
169.33333333333377,11511.660160000001,29.596000000000004,13.699138613861386,1515.15,2866.5,2429,214.70000000000002,91.0,37,64,0,91.5,131.3
169.6666666666671,11521.130880000002,29.596000000000004,13.710408987052555,1535.625,2866.5,2449,218.0,91.0,37,64,0,91.5,131.3
170.00000000000045,12023.979264000005,30.474400000000013,14.30881005331303,1535.625,2866.5,2466,217.9,91.2,37,64,0,91.0,134.9
170.3333333333338,12033.731072000004,30.474400000000013,14.320414927646617,1535.625,2866.5,2469,216.0,91.2,37,64,0,91.5,136.5
170.66666666666714,11995.330560000008,30.32800000000002,14.274717440974877,1535.625,2866.5,2469,214.9,91.0,37,65,0,91.5,136.6
171.00000000000048,11980.773120000009,30.32800000000002,14.257393754760102,1535.625,2866.5,2468,212.60000000000002,91.2,37,65,0,91.5,136.6
171.33333333333383,12028.855168000006,30.474400000000013,14.314612490479824,1535.625,2866.5,2467,215.10000000000002,91.30000000000001,37,65,0,91.5,136.5
171.66666666666717,11975.920640000008,30.32800000000002,14.251619192688509,1535.625,2866.5,2468,215.5,91.0,37,65,0,91.5,136.5
172.0000000000005,12086.642176000003,30.62080000000001,14.38338035034273,1535.625,2866.5,2468,217.10000000000002,91.2,37,65,0,91.5,136.5
172.33333333333385,12033.731072000004,30.474400000000013,14.320414927646617,1535.625,2866.5,2466,217.0,91.30000000000001,37,65,0,91.5,136.6
172.6666666666672,12023.979264000005,30.474400000000013,14.30881005331303,1535.625,2866.5,2469,216.8,91.2,37,65,0,91.5,136.6
173.00000000000054,12023.979264000005,30.474400000000013,14.30881005331303,1535.625,2866.5,2469,216.8,91.2,37,65,0,91.5,136.6
173.33333333333388,12028.855168000006,30.474400000000013,14.314612490479824,1535.625,2866.5,2467,223.70000000000002,91.2,37,65,0,91.5,136.5
173.66666666666723,12028.855168000006,30.474400000000013,14.314612490479824,1535.625,2866.5,2470,219.70000000000002,91.2,37,65,0,91.5,136.5
174.00000000000057,12048.358784000005,30.474400000000013,14.337822239146998,1535.625,2866.5,2471,220.20000000000002,91.5,37,65,0,91.5,136.5
174.3333333333339,12048.358784000005,30.474400000000013,14.337822239146998,1535.625,2866.5,2471,220.20000000000002,91.5,37,65,0,91.5,136.5
174.66666666666725,12048.358784000005,30.474400000000013,14.337822239146998,1535.625,2866.5,2470,222.0,91.0,37,65,0,91.5,136.5
175.0000000000006,12086.642176000003,30.62080000000001,14.38338035034273,1535.625,2866.5,2468,221.5,91.2,37,65,0,91.5,136.5
175.33333333333394,12091.541504000004,30.62080000000001,14.389210662604727,1535.625,2866.5,2469,222.20000000000002,91.2,37,65,0,91.5,136.5
175.66666666666728,12091.541504000004,30.62080000000001,14.389210662604727,1535.625,2866.5,2469,220.9,91.0,37,65,0,91.5,136.5
176.00000000000063,12023.979264000005,30.474400000000013,14.30881005331303,1535.625,2866.5,2468,224.3,91.30000000000001,37,65,0,91.5,136.6
176.33333333333397,12043.482880000007,30.474400000000013,14.332019801980206,1535.625,2866.5,2467,220.5,91.0,37,65,0,91.5,136.7
176.6666666666673,12023.979264000005,30.474400000000013,14.30881005331303,1535.625,2866.5,2470,222.8,91.0,37,65,0,91.5,136.6
177.00000000000065,12048.358784000005,30.474400000000013,14.337822239146998,1535.625,2866.5,2470,216.70000000000002,91.0,37,65,0,91.5,136.7
177.333333333334,11927.768320000008,30.181600000000024,14.194316831683178,1535.625,2866.5,2469,216.5,91.2,37,65,0,91.5,136.7
177.66666666666734,12038.606976000006,30.474400000000013,14.326217364813411,1535.625,2866.5,2471,216.20000000000002,91.2,37,65,0,91.5,136.7
178.00000000000068,11975.920640000008,30.32800000000002,14.251619192688509,1535.625,2866.5,2468,217.0,91.30000000000001,37,65,0,91.5,136.5
178.33333333333402,12023.979264000005,30.474400000000013,14.30881005331303,1535.625,2866.5,2467,217.4,91.0,37,65,0,91.5,136.5
178.66666666666737,11975.920640000008,30.32800000000002,14.251619192688509,1556.1,2866.5,2468,214.60000000000002,91.2,37,65,0,91.5,136.5
179.0000000000007,11975.920640000008,30.32800000000002,14.251619192688509,1556.1,2866.5,2468,214.60000000000002,91.2,37,65,0,91.5,136.5
179.33333333333405,12472.573952000013,31.20640000000003,14.842647981721264,1556.1,2866.5,2504,221.0,91.2,37,65,0,91.5,141.8
179.6666666666674,12502.532096000012,31.20640000000003,14.878298857578079,1556.1,2866.5,2504,224.10000000000002,91.2,37,65,0,91.5,141.8
180.00000000000074,12551.15289600001,31.352800000000023,14.936158720487445,1556.1,2866.5,2502,223.8,91.0,37,65,0,91.5,141.9
180.33333333333408,12497.539072000012,31.20640000000003,14.872357044935276,1556.1,2866.5,2501,222.4,91.0,37,65,0,91.5,141.9
180.66666666666742,12487.553024000013,31.20640000000003,14.860473419649672,1556.1,2866.5,2500,220.8,91.30000000000001,37,66,0,91.5,141.7
181.00000000000077,12370.386175999998,30.913599999999995,14.721042193450112,1556.1,2866.5,2501,224.20000000000002,91.2,37,66,0,91.5,141.7
181.3333333333341,12370.386175999998,30.913599999999995,14.721042193450112,1556.1,2866.5,2501,224.20000000000002,91.2,37,66,0,91.5,141.7
181.66666666666745,12556.169344000009,31.352800000000023,14.942128408225448,1556.1,2866.5,2504,223.4,91.2,37,66,0,91.5,142.0
182.0000000000008,12502.532096000012,31.20640000000003,14.878298857578079,1556.1,2866.5,2503,221.9,91.0,37,66,0,91.5,142.0
182.33333333333414,12556.169344000009,31.352800000000023,14.942128408225448,1556.1,2866.5,2505,223.4,91.0,37,66,0,91.5,142.0
182.66666666666748,12507.525120000013,31.20640000000003,14.884240670220883,1556.1,2866.5,2508,220.5,90.9,37,66,0,91.5,142.0
183.00000000000082,12571.21868800001,31.352800000000023,14.960037471439463,1556.1,2866.5,2504,224.4,91.0,37,66,0,91.5,142.0
183.33333333333417,12571.21868800001,31.352800000000023,14.960037471439463,1556.1,2866.5,2498,222.60000000000002,91.2,37,66,0,91.5,142.0
183.6666666666675,12571.21868800001,31.352800000000023,14.960037471439463,1556.1,2866.5,2498,222.60000000000002,91.2,37,66,0,91.5,142.0
184.00000000000085,12536.103552000011,31.352800000000023,14.918249657273432,1556.1,2866.5,2500,225.10000000000002,90.9,37,66,0,91.5,142.0
184.3333333333342,12536.103552000011,31.352800000000023,14.918249657273432,1556.1,2866.5,2500,225.10000000000002,90.9,37,66,0,91.5,142.0
184.66666666666754,12487.553024000013,31.20640000000003,14.860473419649672,1556.1,2866.5,2501,221.70000000000002,91.0,37,66,0,91.5,141.7
185.00000000000088,12594.640128000008,31.49920000000002,14.987909520182798,1556.1,2866.5,2499,224.9,90.9,37,66,0,91.5,141.7
185.33333333333422,12594.640128000008,31.49920000000002,14.987909520182798,1556.1,2866.5,2499,224.9,90.9,37,66,0,91.5,141.7
185.66666666666757,12531.08710400001,31.352800000000023,14.912279969535426,1556.1,2866.5,2499,223.8,90.9,37,66,0,91.5,141.9
186.0000000000009,12467.580928000012,31.20640000000003,14.83670616907846,1556.1,2866.5,2499,222.10000000000002,91.2,37,66,0,91.5,141.7
186.33333333333425,12536.103552000011,31.352800000000023,14.918249657273432,1556.1,2866.5,2498,223.10000000000002,91.2,37,66,0,91.5,141.7
186.6666666666676,12477.566976000013,31.20640000000003,14.848589794364067,1556.1,2866.5,2502,222.5,91.30000000000001,37,66,0,91.5,141.7
187.00000000000094,12477.566976000013,31.20640000000003,14.848589794364067,1556.1,2866.5,2502,222.5,91.30000000000001,37,66,0,91.5,141.7
187.33333333333428,12477.566976000013,31.20640000000003,14.848589794364067,1556.1,2866.5,2501,224.3,91.0,37,66,0,91.5,141.7
187.66666666666762,12487.553024000013,31.20640000000003,14.860473419649672,1556.1,2866.5,2501,222.60000000000002,91.0,37,66,0,91.5,14.0
188.00000000000097,12541.12000000001,31.352800000000023,14.924219345011435,1556.1,2866.5,2501,220.0,91.30000000000001,37,66,0,91.5,141.9
188.3333333333343,11711.627391999997,29.888799999999993,13.937104188880424,1474.2,2866.5,2391,208.4,91.30000000000001,37,66,0,91.5,141.9
188.66666666666765,10534.353280000008,27.839200000000027,12.536121096725068,1412.775,2866.5,2293,197.70000000000002,91.30000000000001,38,66,0,91.5,121.1
189.000000000001,9465.531775999998,26.375199999999996,11.264199086062451,1412.775,2866.5,2241,189.3,91.30000000000001,37,66,0,91.5,107.0
189.33333333333434,9089.639424000014,25.350400000000036,10.81687859862911,1412.775,2866.5,2225,190.8,91.2,37,67,0,91.5,102.7
189.66666666666768,8868.387200000003,24.911200000000008,10.553583396801223,1351.35,2866.5,2233,189.4,91.2,37,67,0,91.5,102.7
190.00000000000102,8868.387200000003,24.911200000000008,10.553583396801223,1351.35,2866.5,2103,175.70000000000002,91.30000000000001,37,67,0,91.5,86.7
190.33333333333437,7472.937472000006,22.422400000000017,8.89296633663367,1351.35,2866.5,2083,175.0,91.30000000000001,37,68,0,91.5,86.7
190.6666666666677,7462.174720000005,22.422400000000017,8.88015841584159,1208.025,2866.5,1947,155.10000000000002,91.30000000000001,37,68,0,91.5,83.0
191.00000000000105,5566.750720000006,18.90880000000002,6.624560548362536,1167.075,2866.5,1574,130.4,91.30000000000001,37,68,0,91.5,56.6
191.3333333333344,3840.257792000007,15.248800000000028,4.569994516374723,1126.125,2866.5,1504,122.5,91.5,37,68,0,91.5,56.6
191.66666666666774,3070.566400000009,12.760000000000037,3.6540441736481446,1064.7,2866.5,1448,111.30000000000001,91.5,37,68,0,91.5,56.6
192.00000000000108,3070.566400000009,12.760000000000037,3.6540441736481446,1064.7,2866.5,1448,111.30000000000001,91.5,37,68,0,91.5,56.6
192.33333333333442,2246.895616000001,10.124800000000004,2.6738571210967264,1023.75,2866.5,1292,98.0,91.60000000000001,37,68,0,91.5,25.9
192.66666666666777,1852.032,9.1,2.2039603960396037,962.325,2866.5,1104,82.60000000000001,91.60000000000001,37,68,0,91.5,19.5
193.0000000000011,1174.2005760000004,6.757600000000002,1.3973255140898708,921.375,2866.5,997,73.7,91.60000000000001,37,68,0,91.5,13.7
193.33333333333445,830.0364800000024,5.293600000000015,0.9877623762376265,859.95,2866.5,870,64.60000000000001,91.5,37,68,0,91.5,10.0
193.6666666666678,606.1186560000006,4.415200000000004,0.7212950495049512,778.05,2866.5,700,57.5,91.5,37,68,0,91.5,7.3
194.00000000000114,379.72479999999996,3.3903999999999996,0.45188118811881184,716.625,2866.5,601,50.400000000000006,91.60000000000001,37,68,0,91.5,4.4
194.33333333333448,249.6769280000027,2.6584000000000287,0.2971212490479849,675.675,2866.5,512,47.800000000000004,91.60000000000001,37,68,0,91.5,3.3
194.66666666666782,188.4910079999996,2.365599999999995,0.22430860624523943,614.25,2866.5,480,46.400000000000006,91.60000000000001,37,68,0,91.5,3.3
195.00000000000117,188.4910079999996,2.365599999999995,0.22430860624523943,614.25,2866.5,480,46.400000000000006,91.60000000000001,37,68,0,91.5,3.3
195.3333333333345,188.4910079999996,2.365599999999995,0.22430860624523943,614.25,2866.5,399,41.400000000000006,91.60000000000001,37,68,0,91.5,3.3
195.66666666666785,188.4910079999996,2.365599999999995,0.22430860624523943,614.25,2866.5,324,53.1,91.60000000000001,37,68,0,91.5,3.3
196.0000000000012,188.4910079999996,2.365599999999995,0.22430860624523943,614.25,2866.5,324,53.1,91.60000000000001,37,68,0,91.5,3.3
196.33333333333454,104.39116800000004,2.2192000000000007,0.12422787509520186,552.825,2866.5,263,40.800000000000004,91.60000000000001,37,68,0,91.5,2.0
196.66666666666788,67.10860800000002,2.2192000000000007,0.07986077684691549,552.825,2866.5,183,51.1,91.60000000000001,37,68,0,91.0,1.4
197.00000000000122,64.62310400000003,2.2192000000000007,0.07690297029702972,470.925,2866.5,146,40.400000000000006,91.60000000000001,36,68,0,91.5,1.4
197.33333333333456,2.157568000000014,1.9264000000000123,0.002567555217060184,368.55,2866.5,7,49.2,91.60000000000001,36,68,0,91.5,0.8
197.6666666666679,0.09740800000000309,0.6088000000000193,0.0001159177456207196,348.075,2866.5,0,20.700000000000003,91.60000000000001,36,68,0,91.5,0.8
198.00000000000125,0.09740800000000309,0.6088000000000193,0.0001159177456207196,348.075,2866.5,0,20.700000000000003,91.60000000000001,36,68,0,91.5,0.8
198.3333333333346,0.0,0.02319999999999709,0.0,327.6,2866.5,0,16.3,91.5,36,68,0,91.5,0.8
198.66666666666794,0.0,0.02319999999999709,0.0,327.6,2866.5,0,16.3,91.5,36,68,0,91.5,0.8
199.00000000000128,-0.0,-0.12319999999999709,-0.0,307.125,2866.5,0,13.700000000000001,91.60000000000001,36,68,0,91.5,0.8
199.33333333333462,-0.0,-0.12319999999999709,-0.0,307.125,2866.5,0,6.300000000000001,91.60000000000001,36,68,0,91.5,0.1
199.66666666666796,-0.0,-0.2695999999999913,-0.0,307.125,2866.5,0,5.7,91.60000000000001,36,68,0,91.5,0.1
200.0000000000013,-0.0,-0.2695999999999913,-0.0,307.125,2866.5,0,5.5,91.60000000000001,36,68,0,91.5,0.0
200.33333333333465,-0.0,-0.2695999999999913,-0.0,307.125,2866.5,0,6.6000000000000005,91.60000000000001,36,68,0,91.5,0.1
200.666666666668,-0.0,-0.12319999999999709,-0.0,286.65,2866.5,0,3.3000000000000003,91.60000000000001,36,68,0,91.5,0.1
201.00000000000134,-0.0,-0.2695999999999913,-0.0,286.65,2866.5,0,2.6,91.60000000000001,36,68,0,91.5,0.1
201.33333333333468,-0.0,-0.12319999999999709,-0.0,266.175,2866.5,0,3.3000000000000003,91.60000000000001,36,68,0,91.5,0.1
201.66666666666802,-0.0,-0.12319999999999709,-0.0,266.175,2866.5,0,3.3000000000000003,91.60000000000001,36,68,0,91.5,0.1
202.00000000000136,-0.0,-0.12319999999999709,-0.0,266.175,2866.5,0,3.3000000000000003,91.60000000000001,36,68,0,91.5,0.1
202.3333333333347,-0.0,-0.2695999999999913,-0.0,266.175,2866.5,0,2.8000000000000003,91.5,36,68,0,91.5,0.1
202.66666666666805,-0.0,-0.2695999999999913,-0.0,266.175,2866.5,0,3.0,91.60000000000001,36,68,0,91.5,0.0
203.0000000000014,-0.0,-0.2695999999999913,-0.0,266.175,2866.5,0,2.5,91.5,36,68,0,91.5,0.1
203.33333333333474,-0.0,-0.12319999999999709,-0.0,266.175,2866.5,0,2.7,91.60000000000001,36,68,0,91.5,0.1
203.66666666666808,-0.0,-0.2695999999999913,-0.0,143.325,2866.5,0,2.5,91.60000000000001,36,68,0,91.5,0.1
204.00000000000142,-0.0,-0.2695999999999913,-0.0,143.325,2866.5,0,3.4000000000000004,91.60000000000001,36,68,0,91.5,0.1
204.33333333333476,-0.0,-0.2695999999999913,-0.0,143.325,2866.5,0,3.4000000000000004,91.60000000000001,36,68,0,91.5,0.1
204.6666666666681,-0.0,-0.12319999999999709,-0.0,143.325,2866.5,0,3.1,91.5,36,68,0,91.5,0.1
205.00000000000145,-0.0,-0.12319999999999709,-0.0,143.325,2866.5,0,3.1,91.5,36,68,0,91.5,0.1
205.3333333333348,-0.0,-0.2695999999999913,-0.0,122.85,2866.5,0,3.4000000000000004,91.60000000000001,36,68,0,91.5,0.1
205.66666666666814,-0.0,-0.2695999999999913,-0.0,122.85,2866.5,0,2.9000000000000004,91.60000000000001,36,68,0,91.0,0.5
206.00000000000148,-0.0,-0.2695999999999913,-0.0,122.85,2866.5,0,2.9000000000000004,91.60000000000001,36,68,0,91.0,0.5
206.33333333333482,-0.0,-0.2695999999999913,-0.0,122.85,2866.5,0,3.2,91.60000000000001,36,68,0,91.0,0.5
206.66666666666816,-0.0,-0.12319999999999709,-0.0,122.85,2866.5,0,3.2,91.60000000000001,36,68,0,91.5,0.1
207.0000000000015,-0.0,-0.2695999999999913,-0.0,122.85,2866.5,0,3.3000000000000003,91.60000000000001,36,68,0,91.5,0.1
207.33333333333485,-0.0,-0.12319999999999709,-0.0,122.85,2866.5,0,3.0,91.60000000000001,36,68,0,91.5,0.1
207.6666666666682,-0.0,-0.2695999999999913,-0.0,122.85,2866.5,0,2.3000000000000003,91.60000000000001,36,68,0,91.5,0.1
208.00000000000153,-0.0,-0.2695999999999913,-0.0,122.85,2866.5,0,3.0,91.60000000000001,36,68,0,91.5,0.1
208.33333333333488,-0.0,-0.2695999999999913,-0.0,122.85,2866.5,0,2.6,91.60000000000001,36,68,0,91.5,0.1
208.66666666666822,-0.0,-0.2695999999999913,-0.0,122.85,2866.5,0,2.7,91.5,36,68,0,91.5,0.1
209.00000000000156,-0.0,-0.2695999999999913,-0.0,122.85,2866.5,0,3.4000000000000004,91.60000000000001,36,68,0,91.5,0.1
209.3333333333349,-0.0,-0.2695999999999913,-0.0,122.85,2866.5,0,3.4000000000000004,91.60000000000001,36,68,0,91.5,0.1
209.66666666666825,-0.0,-0.7087999999999738,-0.0,122.85,2866.5,0,2.4000000000000004,91.60000000000001,36,68,0,91.5,0.1
210.0000000000016,-0.0,-0.7087999999999738,-0.0,122.85,2866.5,0,2.4000000000000004,91.60000000000001,36,68,0,91.5,0.1
210.33333333333493,-0.0,-0.7087999999999738,-0.0,122.85,2866.5,0,2.5,91.60000000000001,36,68,0,91.5,0.1
210.66666666666828,-0.0,-0.12319999999999709,-0.0,122.85,2866.5,0,2.9000000000000004,91.60000000000001,36,68,0,91.5,0.1
211.00000000000162,-0.0,-0.2695999999999913,-0.0,122.85,2866.5,0,3.4000000000000004,91.60000000000001,36,68,0,91.5,0.1
211.33333333333496,-0.0,-0.2695999999999913,-0.0,122.85,2866.5,0,3.4000000000000004,91.60000000000001,36,68,0,91.5,0.1
211.6666666666683,-0.0,-0.5623999999999796,-0.0,122.85,2866.5,0,3.3000000000000003,91.60000000000001,36,68,0,91.5,0.1
212.00000000000165,-0.0,-0.2695999999999913,-0.0,122.85,2866.5,0,3.8000000000000003,91.60000000000001,36,68,0,91.5,0.1
212.333333333335,-0.0,-0.2695999999999913,-0.0,122.85,2866.5,0,2.8000000000000003,91.60000000000001,36,68,0,91.5,0.1
212.66666666666833,-0.0,-0.2695999999999913,-0.0,122.85,2866.5,0,3.5,91.60000000000001,36,68,0,91.5,0.1
213.00000000000168,-0.0,-0.2695999999999913,-0.0,122.85,2866.5,0,2.9000000000000004,91.60000000000001,36,68,0,91.5,0.1
213.33333333333502,-0.0,-0.12319999999999709,-0.0,122.85,2866.5,0,3.9000000000000004,91.60000000000001,36,68,0,91.5,0.1
213.66666666666836,-0.0,-0.2695999999999913,-0.0,122.85,2866.5,0,2.3000000000000003,91.60000000000001,36,68,0,91.5,0.1
214.0000000000017,-0.0,-0.2695999999999913,-0.0,122.85,2866.5,0,3.2,91.60000000000001,36,68,0,91.5,0.1
214.33333333333505,-0.0,-0.2695999999999913,-0.0,122.85,2866.5,0,4.1000000000000005,91.60000000000001,36,68,0,91.5,0.1
214.6666666666684,-0.0,-0.12319999999999709,-0.0,122.85,2866.5,0,3.6,91.60000000000001,36,68,0,91.5,0.1
215.00000000000173,-0.0,-0.5623999999999796,-0.0,122.85,2866.5,0,3.9000000000000004,91.60000000000001,36,68,0,91.5,0.1
215.33333333333508,-0.0,-0.12319999999999709,-0.0,122.85,2866.5,0,3.2,91.60000000000001,36,68,0,91.5,0.1
215.66666666666842,-0.0,-0.12319999999999709,-0.0,122.85,2866.5,0,3.3000000000000003,91.60000000000001,36,68,0,91.5,0.1
216.00000000000176,-0.0,-0.2695999999999913,-0.0,122.85,2866.5,0,3.1,91.60000000000001,36,68,0,91.5,0.1
216.3333333333351,-0.0,-0.2695999999999913,-0.0,122.85,2866.5,0,3.1,91.60000000000001,36,68,0,91.5,0.1
216.66666666666845,-0.0,-0.2695999999999913,-0.0,122.85,2866.5,0,3.1,91.60000000000001,36,68,0,91.5,0.1
217.0000000000018,-0.0,-0.2695999999999913,-0.0,61.425,2866.5,0,3.0,91.60000000000001,36,68,0,91.5,0.1
217.33333333333513,-0.0,-0.2695999999999913,-0.0,40.95,2866.5,0,2.9000000000000004,91.60000000000001,36,68,0,91.5,0.1
217.66666666666848,-0.0,-0.2695999999999913,-0.0,0.0,2866.5,0,2.7,91.60000000000001,36,67,0,91.5,0.1
218.00000000000182,-0.0,-0.7087999999999738,-0.0,0.0,2866.5,0,2.5,91.60000000000001,36,67,0,91.5,0.1
218.33333333333516,-0.0,-0.2695999999999913,-0.0,0.0,2866.5,0,2.7,91.60000000000001,36,67,0,91.5,0.1
218.6666666666685,-0.0,-0.2695999999999913,-0.0,0.0,2866.5,0,2.4000000000000004,91.60000000000001,36,67,0,91.5,0.1
219.00000000000185,-0.0,-0.12319999999999709,-0.0,0.0,2866.5,0,2.9000000000000004,91.60000000000001,36,67,0,91.5,0.1
219.3333333333352,-0.0,-0.2695999999999913,-0.0,0.0,2866.5,0,2.9000000000000004,91.60000000000001,36,67,0,91.5,0.1
219.66666666666853,-0.0,-0.2695999999999913,-0.0,0.0,2866.5,0,3.2,91.60000000000001,36,67,0,91.5,0.1
220.00000000000188,-0.0,-0.41599999999998544,-0.0,0.0,2866.5,0,2.3000000000000003,91.60000000000001,36,66,0,91.5,0.1
220.33333333333522,-0.0,-0.41599999999998544,-0.0,0.0,2866.5,0,3.0,91.60000000000001,36,66,0,91.5,0.1
220.66666666666856,-0.0,-0.2695999999999913,-0.0,0.0,2866.5,0,2.7,91.60000000000001,36,66,0,91.5,0.1
221.0000000000019,-0.0,-0.5623999999999796,-0.0,0.0,2866.5,0,2.5,91.60000000000001,36,66,0,91.5,0.1
221.33333333333525,-0.0,-0.12319999999999709,-0.0,0.0,2866.5,0,3.5,91.60000000000001,36,66,0,91.5,0.1
221.6666666666686,-0.0,-0.2695999999999913,-0.0,0.0,2866.5,0,3.0,91.60000000000001,36,66,0,91.5,0.1
222.00000000000193,-0.0,-0.41599999999998544,-0.0,0.0,2866.5,0,2.1,91.60000000000001,36,66,0,91.5,0.1
222.33333333333528,-0.0,-0.41599999999998544,-0.0,0.0,2866.5,0,2.1,91.60000000000001,36,66,0,91.5,0.1
222.66666666666862,-0.0,-0.2695999999999913,-0.0,0.0,2866.5,0,3.1,91.60000000000001,36,66,0,91.5,0.1
223.00000000000196,0.0,0.02319999999999709,0.0,0.0,2866.5,0,3.1,91.60000000000001,36,66,0,91.5,0.1
223.3333333333353,-0.0,-0.2695999999999913,-0.0,0.0,2866.5,0,3.5,91.5,36,66,0,91.5,0.1
223.66666666666865,-0.0,-0.2695999999999913,-0.0,0.0,2866.5,0,2.6,91.60000000000001,36,66,0,91.5,0.1
224.000000000002,-0.0,-0.2695999999999913,-0.0,0.0,2866.5,0,2.8000000000000003,91.60000000000001,36,66,0,91.5,0.1
224.33333333333533,-0.0,-0.2695999999999913,-0.0,0.0,2866.5,0,4.1000000000000005,91.60000000000001,36,66,0,91.5,0.1
224.66666666666868,-0.0,-0.2695999999999913,-0.0,0.0,2866.5,0,2.7,91.60000000000001,36,66,0,91.5,0.1
225.00000000000202,-0.0,-0.2695999999999913,-0.0,0.0,2866.5,0,2.8000000000000003,91.60000000000001,36,66,0,91.5,0.1
225.33333333333536,-0.0,-0.12319999999999709,-0.0,0.0,2866.5,0,2.6,91.60000000000001,36,66,0,91.5,0.1
225.6666666666687,-0.0,-0.12319999999999709,-0.0,0.0,2866.5,0,2.6,91.60000000000001,36,66,0,91.5,0.1
226.00000000000205,0.0,0.16960000000003675,0.0,0.0,2866.5,0,2.9000000000000004,91.60000000000001,36,66,0,91.0,0.5
226.3333333333354,0.0,0.16960000000003675,0.0,0.0,2866.5,0,2.9000000000000004,91.60000000000001,36,66,0,91.0,0.5
226.66666666666873,0.0,0.16960000000003675,0.0,0.0,2866.5,0,2.9000000000000004,91.60000000000001,36,66,0,91.0,0.5
227.00000000000207,0.0,0.16960000000003675,0.0,0.0,2866.5,0,2.9000000000000004,91.60000000000001,36,66,0,91.0,0.5
227.33333333333542,0.0,0.16960000000003675,0.0,0.0,2866.5,0,2.9000000000000004,91.60000000000001,36,66,0,91.0,0.5
227.66666666666876,-0.0,-0.2695999999999913,-0.0,0.0,2866.5,0,3.6,91.60000000000001,36,66,0,91.5,0.1
228.0000000000021,-0.0,-0.2695999999999913,-0.0,0.0,2866.5,0,3.2,91.60000000000001,36,66,0,91.5,0.1
228.33333333333545,-0.0,-0.2695999999999913,-0.0,0.0,2866.5,0,3.0,91.5,36,66,0,91.5,0.1
228.6666666666688,-0.0,-0.2695999999999913,-0.0,0.0,2866.5,0,3.7,91.60000000000001,36,66,0,91.5,0.1
229.00000000000213,-0.0,-0.2695999999999913,-0.0,0.0,2866.5,0,2.3000000000000003,91.60000000000001,36,66,0,91.5,0.1
229.33333333333547,-0.0,-0.41599999999998544,-0.0,0.0,2866.5,0,2.4000000000000004,91.60000000000001,36,66,0,91.5,0.1
229.66666666666882,-0.0,-0.2695999999999913,-0.0,0.0,2866.5,0,2.6,91.60000000000001,36,66,0,91.5,0.1
230.00000000000216,-0.0,-0.2695999999999913,-0.0,0.0,2866.5,0,2.8000000000000003,91.60000000000001,36,66,0,91.5,0.1
230.3333333333355,-0.0,-0.2695999999999913,-0.0,0.0,2866.5,0,2.2,91.5,36,66,0,91.5,0.1
230.66666666666885,-0.0,-0.12319999999999709,-0.0,0.0,2866.5,0,3.1,91.5,36,66,0,91.5,0.1
231.0000000000022,-0.0,-0.12319999999999709,-0.0,0.0,2866.5,0,2.9000000000000004,91.60000000000001,36,66,0,91.5,0.1
231.33333333333553,-0.0,-0.2695999999999913,-0.0,0.0,2866.5,0,3.3000000000000003,91.60000000000001,36,66,0,91.5,0.1
231.66666666666887,-0.0,-0.41599999999998544,-0.0,0.0,2866.5,0,2.0,91.60000000000001,36,66,0,91.5,0.1
232.00000000000222,-0.0,-0.12319999999999709,-0.0,0.0,2866.5,0,2.9000000000000004,91.60000000000001,36,66,0,91.5,0.1
232.33333333333556,-0.0,-0.2695999999999913,-0.0,0.0,2866.5,0,2.5,91.60000000000001,36,66,0,91.5,0.1
232.6666666666689,-0.0,-0.12319999999999709,-0.0,0.0,2866.5,0,3.3000000000000003,91.60000000000001,36,66,0,91.5,0.1
233.00000000000225,-0.0,-0.2695999999999913,-0.0,0.0,2866.5,0,3.0,91.60000000000001,36,66,0,91.5,0.1
233.3333333333356,-0.0,-0.2695999999999913,-0.0,0.0,2866.5,0,3.0,91.60000000000001,36,66,0,91.5,0.1
233.66666666666893,-0.0,-0.12319999999999709,-0.0,0.0,2866.5,0,3.0,91.60000000000001,36,66,0,91.5,0.1
234.00000000000227,-0.0,-0.12319999999999709,-0.0,0.0,2866.5,0,3.0,91.60000000000001,36,66,0,91.5,0.1
234.33333333333562,-0.0,-0.12319999999999709,-0.0,0.0,2866.5,0,2.0,91.60000000000001,36,66,0,91.5,0.1
234.66666666666896,-0.0,-0.2695999999999913,-0.0,0.0,2866.5,0,2.3000000000000003,91.60000000000001,36,66,0,91.5,0.1
235.0000000000023,-0.0,-0.2695999999999913,-0.0,0.0,2866.5,0,3.3000000000000003,91.60000000000001,36,66,0,91.5,0.1
235.33333333333564,-0.0,-0.2695999999999913,-0.0,0.0,2866.5,0,3.8000000000000003,91.60000000000001,36,66,0,91.5,0.1
235.666666666669,-0.0,-0.2695999999999913,-0.0,0.0,2866.5,0,3.1,91.60000000000001,36,66,0,91.5,0.1
236.00000000000233,-0.0,-0.12319999999999709,-0.0,0.0,2866.5,0,3.7,91.60000000000001,36,66,0,91.5,0.1
236.33333333333567,-0.0,-0.2695999999999913,-0.0,0.0,2866.5,0,3.7,91.60000000000001,35,66,0,91.5,0.1
236.66666666666902,-0.0,-0.12319999999999709,-0.0,0.0,2866.5,0,3.7,91.60000000000001,36,66,0,91.5,0.1
237.00000000000236,-0.0,-0.2695999999999913,-0.0,0.0,2866.5,0,2.5,91.60000000000001,36,66,0,91.5,0.1
237.3333333333357,-0.0,-0.2695999999999913,-0.0,0.0,2866.5,0,3.0,91.60000000000001,36,66,0,91.5,0.1
237.66666666666904,-0.0,-0.12319999999999709,-0.0,0.0,2866.5,0,1.8,91.60000000000001,36,66,0,91.5,0.1
238.0000000000024,-0.0,-0.12319999999999709,-0.0,0.0,2866.5,0,2.9000000000000004,91.60000000000001,36,66,0,91.5,0.1
238.33333333333573,-0.0,-0.12319999999999709,-0.0,0.0,2866.5,0,2.8000000000000003,91.60000000000001,36,66,0,91.5,0.1
238.66666666666907,-0.0,-0.2695999999999913,-0.0,0.0,2866.5,0,3.3000000000000003,91.60000000000001,36,66,0,91.5,0.1
239.00000000000242,-0.0,-0.2695999999999913,-0.0,0.0,2866.5,0,2.8000000000000003,91.60000000000001,36,66,0,91.5,0.1
239.33333333333576,-0.0,-0.2695999999999913,-0.0,0.0,2866.5,0,3.1,91.60000000000001,36,66,0,91.5,0.1
239.6666666666691,-0.0,-0.2695999999999913,-0.0,0.0,2866.5,0,2.1,91.60000000000001,36,66,0,91.5,0.1
240.00000000000244,-0.0,-0.2695999999999913,-0.0,0.0,2866.5,0,3.3000000000000003,91.60000000000001,35,66,0,91.5,0.1
240.3333333333358,-0.0,-0.12319999999999709,-0.0,0.0,2866.5,0,3.1,91.60000000000001,35,66,0,91.5,0.1
240.66666666666913,-0.0,-0.2695999999999913,-0.0,0.0,2866.5,0,2.7,91.60000000000001,35,65,0,91.5,0.1
241.00000000000247,-0.0,-0.2695999999999913,-0.0,0.0,2866.5,0,2.8000000000000003,91.60000000000001,35,65,0,91.5,0.1
241.33333333333582,-0.0,-0.2695999999999913,-0.0,0.0,2866.5,0,3.5,91.60000000000001,35,65,0,91.5,0.1
241.66666666666916,-0.0,-0.12319999999999709,-0.0,0.0,2866.5,0,3.3000000000000003,91.60000000000001,35,65,0,91.5,0.1
242.0000000000025,-0.0,-0.2695999999999913,-0.0,0.0,2866.5,0,3.4000000000000004,91.60000000000001,35,65,0,91.5,0.1
242.33333333333584,-0.0,-0.2695999999999913,-0.0,0.0,2866.5,0,2.2,91.60000000000001,35,65,0,91.5,0.1
242.6666666666692,-0.0,-0.2695999999999913,-0.0,0.0,2866.5,0,3.3000000000000003,91.60000000000001,35,65,0,91.5,0.1
243.00000000000253,-0.0,-0.2695999999999913,-0.0,0.0,2866.5,0,3.7,91.60000000000001,35,65,0,91.5,0.1
243.33333333333587,-0.0,-0.2695999999999913,-0.0,0.0,2866.5,0,2.7,91.60000000000001,35,65,0,91.5,0.1
243.66666666666922,-0.0,-0.5623999999999796,-0.0,0.0,2866.5,0,3.0,91.60000000000001,35,65,0,91.5,0.1
244.00000000000256,-0.0,-0.2695999999999913,-0.0,0.0,2866.5,0,2.8000000000000003,91.60000000000001,35,65,0,91.5,0.1
244.3333333333359,-0.0,-0.2695999999999913,-0.0,0.0,2866.5,0,3.4000000000000004,91.5,36,65,0,91.5,0.1
244.66666666666924,0.0,0.3160000000000309,0.0,0.0,2866.5,0,3.3000000000000003,91.60000000000001,35,65,0,91.5,0.1
245.0000000000026,-0.0,-0.12319999999999709,-0.0,0.0,2866.5,0,2.2,91.60000000000001,35,65,0,91.5,0.1
245.33333333333593,-0.0,-0.2695999999999913,-0.0,0.0,2866.5,0,3.5,91.60000000000001,35,65,0,91.5,0.1
245.66666666666927,-0.0,-0.5623999999999796,-0.0,0.0,2866.5,0,3.1,91.60000000000001,35,65,0,91.5,0.1
246.00000000000261,-0.0,-0.2695999999999913,-0.0,0.0,2866.5,0,3.0,91.60000000000001,35,65,0,91.5,0.1
246.33333333333596,-0.0,-0.2695999999999913,-0.0,0.0,2866.5,0,3.0,91.60000000000001,35,65,0,91.5,0.1
246.6666666666693,-0.0,-0.2695999999999913,-0.0,0.0,2866.5,0,3.0,91.60000000000001,35,65,0,91.5,0.1
247.00000000000264,-0.0,-0.2695999999999913,-0.0,0.0,2866.5,0,2.1,91.60000000000001,35,65,0,91.5,0.1
247.333333333336,-0.0,-0.41599999999998544,-0.0,0.0,2866.5,0,3.0,91.60000000000001,35,65,0,91.5,0.1
247.66666666666933,-0.0,-0.2695999999999913,-0.0,0.0,2866.5,0,1.9000000000000001,91.60000000000001,35,65,0,91.5,0.1
248.00000000000267,-0.0,-0.2695999999999913,-0.0,0.0,2866.5,0,3.2,91.60000000000001,35,65,0,91.5,0.1
248.33333333333601,-0.0,-0.2695999999999913,-0.0,0.0,2866.5,0,3.8000000000000003,91.60000000000001,35,65,0,91.5,0.1
248.66666666666936,-0.0,-0.12319999999999709,-0.0,0.0,2866.5,0,3.2,91.60000000000001,35,65,0,91.5,0.1
249.0000000000027,-0.0,-0.2695999999999913,-0.0,0.0,2866.5,0,2.2,91.60000000000001,35,65,0,91.5,0.1
249.33333333333604,-0.0,-0.2695999999999913,-0.0,0.0,2866.5,0,2.7,91.60000000000001,35,65,0,91.5,0.1
249.66666666666939,-0.0,-0.2695999999999913,-0.0,0.0,2866.5,0,2.7,91.60000000000001,35,65,0,91.5,0.1
250.00000000000273,-0.0,-0.2695999999999913,-0.0,0.0,2866.5,0,2.4000000000000004,91.60000000000001,35,65,0,91.5,0.1
250.33333333333607,-0.0,-0.2695999999999913,-0.0,0.0,2866.5,0,2.4000000000000004,91.60000000000001,35,65,0,91.5,0.1
250.6666666666694,-0.0,-0.41599999999998544,-0.0,0.0,2866.5,0,2.0,91.60000000000001,35,65,0,91.5,0.1
251.00000000000276,-0.0,-0.12319999999999709,-0.0,0.0,2866.5,0,3.1,91.60000000000001,35,65,0,91.5,0.1
251.3333333333361,-0.0,-0.2695999999999913,-0.0,0.0,2866.5,0,2.3000000000000003,91.60000000000001,35,65,0,91.5,0.1
251.66666666666944,-0.0,-0.2695999999999913,-0.0,0.0,2866.5,0,3.2,91.5,35,65,0,91.5,0.1
252.00000000000279,-0.0,-0.12319999999999709,-0.0,0.0,2866.5,0,2.0,91.60000000000001,35,65,0,91.5,0.1
252.33333333333613,-0.0,-0.12319999999999709,-0.0,0.0,2866.5,0,2.0,91.60000000000001,35,65,0,91.5,0.1
252.66666666666947,-0.0,-0.12319999999999709,-0.0,0.0,2866.5,0,3.1,91.60000000000001,35,65,0,91.5,0.1
253.0000000000028,-0.0,-0.2695999999999913,-0.0,0.0,2866.5,0,2.9000000000000004,91.60000000000001,35,65,0,91.5,0.1
253.33333333333616,-0.0,-0.2695999999999913,-0.0,0.0,2866.5,0,2.9000000000000004,91.60000000000001,35,65,0,91.5,0.1
253.6666666666695,-0.0,-0.2695999999999913,-0.0,0.0,2866.5,0,3.2,91.60000000000001,35,65,0,91.5,0.1
254.00000000000284,-0.0,-0.2695999999999913,-0.0,0.0,2866.5,0,2.4000000000000004,91.60000000000001,35,65,0,91.5,0.1
254.33333333333618,-0.0,-0.2695999999999913,-0.0,0.0,2866.5,0,3.4000000000000004,91.60000000000001,35,65,0,91.0,0.5
254.66666666666953,-0.0,-0.2695999999999913,-0.0,0.0,2866.5,0,3.4000000000000004,91.60000000000001,35,65,0,91.0,0.5
255.00000000000287,-0.0,-0.2695999999999913,-0.0,0.0,2866.5,0,2.3000000000000003,91.60000000000001,35,65,0,91.5,0.1
255.3333333333362,-0.0,-0.2695999999999913,-0.0,0.0,2866.5,0,2.6,91.60000000000001,35,65,0,91.5,0.1
255.66666666666956,-0.0,-0.2695999999999913,-0.0,0.0,2866.5,0,2.6,91.60000000000001,35,65,0,91.5,0.1
256.0000000000029,-0.0,-0.2695999999999913,-0.0,0.0,2866.5,0,3.1,91.60000000000001,35,65,0,91.5,0.1
256.3333333333362,-0.0,-0.2695999999999913,-0.0,0.0,2866.5,0,3.1,91.60000000000001,35,65,0,91.5,0.1
256.6666666666695,-0.0,-0.2695999999999913,-0.0,0.0,2866.5,0,3.6,91.60000000000001,35,65,0,91.5,0.1
257.00000000000284,-0.0,-0.2695999999999913,-0.0,0.0,2866.5,0,3.3000000000000003,91.5,35,65,0,91.5,0.1
257.33333333333616,0.0,0.16960000000003675,0.0,0.0,2866.5,0,2.7,91.5,35,65,0,91.5,0.1
257.66666666666947,-0.0,-0.2695999999999913,-0.0,0.0,2866.5,0,3.3000000000000003,91.60000000000001,35,65,0,91.5,0.1
258.0000000000028,-0.0,-0.2695999999999913,-0.0,0.0,2866.5,0,2.9000000000000004,91.60000000000001,35,65,0,91.5,0.1
258.3333333333361,-0.0,-0.2695999999999913,-0.0,0.0,2866.5,0,2.9000000000000004,91.5,35,65,0,91.5,0.1
258.6666666666694,-0.0,-0.2695999999999913,-0.0,0.0,2866.5,0,2.6,91.60000000000001,35,65,0,91.5,0.1
259.00000000000273,-0.0,-0.12319999999999709,-0.0,0.0,2866.5,0,2.9000000000000004,91.60000000000001,35,65,0,91.5,0.1
259.33333333333604,-0.0,-0.2695999999999913,-0.0,0.0,2866.5,0,2.8000000000000003,91.60000000000001,35,65,0,91.0,0.1
259.66666666666936,-0.0,-0.2695999999999913,-0.0,0.0,2866.5,0,2.7,91.60000000000001,35,65,0,91.5,0.1
260.0000000000027,-0.0,-0.2695999999999913,-0.0,0.0,2866.5,0,4.1000000000000005,91.60000000000001,35,65,0,91.5,0.1
260.333333333336,-0.0,-0.2695999999999913,-0.0,0.0,2866.5,0,2.7,91.60000000000001,35,65,0,91.5,0.1
260.6666666666693,-0.0,-0.2695999999999913,-0.0,0.0,2866.5,0,3.3000000000000003,91.60000000000001,35,65,0,91.5,0.1
261.0000000000026,0.0,0.16960000000003675,0.0,0.0,2866.5,0,3.6,91.60000000000001,35,65,0,91.5,0.1
261.33333333333593,0.0,0.16960000000003675,0.0,0.0,2866.5,0,2.8000000000000003,91.60000000000001,35,65,0,91.5,0.1
261.66666666666924,0.0,0.16960000000003675,0.0,0.0,2866.5,0,2.8000000000000003,91.60000000000001,35,65,0,91.5,0.1
262.00000000000256,-0.0,-0.12319999999999709,-0.0,0.0,2866.5,0,3.4000000000000004,91.60000000000001,35,65,0,91.5,0.1
262.3333333333359,-0.0,-0.2695999999999913,-0.0,0.0,2866.5,0,2.8000000000000003,91.60000000000001,35,65,0,91.5,0.1
262.6666666666692,-0.0,-0.2695999999999913,-0.0,0.0,2866.5,0,2.4000000000000004,91.5,35,65,0,91.5,0.1
263.0000000000025,-0.0,-0.2695999999999913,-0.0,0.0,2866.5,0,2.9000000000000004,91.60000000000001,35,65,0,91.0,0.5
263.3333333333358,-0.0,-0.7087999999999738,-0.0,0.0,2866.5,0,3.5,91.60000000000001,35,65,0,91.0,0.5
263.66666666666913,-0.0,-0.7087999999999738,-0.0,0.0,2866.5,0,3.5,91.60000000000001,35,65,0,91.0,0.5
264.00000000000244,-0.0,-0.7087999999999738,-0.0,0.0,2866.5,0,3.5,91.60000000000001,35,65,0,91.0,0.5
264.33333333333576,-0.0,-0.2695999999999913,-0.0,0.0,2866.5,0,3.6,91.5,35,65,0,91.0,0.5
264.6666666666691,-0.0,-0.2695999999999913,-0.0,0.0,2866.5,0,3.6,91.5,35,65,0,91.0,0.5
265.0000000000024,-0.0,-0.12319999999999709,-0.0,0.0,2866.5,0,2.8000000000000003,91.60000000000001,35,64,0,91.5,0.1
265.3333333333357,-0.0,-0.2695999999999913,-0.0,0.0,2866.5,0,3.2,91.60000000000001,35,64,0,91.5,0.1
265.666666666669,-0.0,-0.12319999999999709,-0.0,0.0,2866.5,0,3.2,91.60000000000001,35,64,0,91.5,0.1
266.00000000000233,-0.0,-0.2695999999999913,-0.0,0.0,2866.5,0,3.0,91.60000000000001,35,64,0,91.5,0.1
